year,event_id,pipe,start,end,status,left_censored,right_censored_at_test_end,alarm_id,delay_hours,early_window_end_exclusive,early_samples,early_mean_flow_m3h,early_peak_flow_m3h,observed_peak_flow_m3h,early_window_hours,score_at_onset,score_mean_48h,score_peak_48h,incident_open_at_onset,above_threshold_fraction,persistence_ready_samples,blocked_ready_samples,notifications_in_window
2019,p523-2019-01-15T23:00:00,p523,2019-01-15T23:00:00,2019-02-01T09:55:00,detected,False,False,baseline_deduplicated-b12340600ee1,3.0833333333333335,2019-01-17T23:00:00,576,28.186770833333334,28.39,28.39,48.0,1.012312043667349,2.280656170834858,2.6415884130929927,False,0.9982638888888888,539,538,1
2019,p827-2019-01-24T18:30:00,p827,2019-01-24T18:30:00,2019-02-07T09:10:00,missed,False,False,,,2019-01-26T18:30:00,576,26.186631944444443,26.45,26.46,48.0,2.9868950194497126,5.068738430928921,5.947163789049994,True,1.0,576,576,0
2019,p280-2019-02-10T13:05:00,p280,2019-02-10T13:05:00,2020-01-01T00:00:00,missed,False,True,,,2019-02-12T13:05:00,576,5.192673611111112,5.25,5.26,48.0,0.7479626720123973,0.7451332994207438,1.079976621638317,False,0.0,0,0,0
2019,p653-2019-03-04T08:40:00,p653,2019-03-04T08:40:00,2019-05-05T12:15:00,missed,False,False,,,2019-03-06T08:40:00,576,0.02763888888888889,0.06,18.28,48.0,0.8550203001961141,0.7861541856563499,1.2147454493088654,False,0.003472222222222222,0,0,0
2019,p710-2019-03-24T14:15:00,p710,2019-03-24T14:15:00,2020-01-01T00:00:00,missed,False,True,,,2019-03-26T14:15:00,576,5.513819444444445,5.56,5.58,48.0,0.6713858058403216,0.8253415835437052,1.3084977116556242,False,0.015625,0,0,0
2019,p514-2019-04-02T20:40:00,p514,2019-04-02T20:40:00,2019-05-23T15:00:00,detected,False,False,baseline_deduplicated-10dc522f9894,3.0,2019-04-04T20:40:00,576,15.453993055555555,15.55,15.58,48.0,1.2757857102044383,1.8255863085209545,2.3787557391170364,False,1.0,540,539,1
2019,p331-2019-04-20T10:10:00,p331,2019-04-20T10:10:00,2020-01-01T00:00:00,missed,False,True,,,2019-04-22T10:10:00,576,10.61972222222222,10.79,10.93,48.0,2.5172762187734645,2.723494984707895,3.119596532614674,True,1.0,576,576,0
2019,p193-2019-05-20T21:55:00,p193,2019-05-20T21:55:00,2020-01-01T00:00:00,missed,False,True,,,2019-05-22T21:55:00,576,0.015520833333333333,0.03,10.36,48.0,2.288609204975257,2.273722323492315,2.9622698527654348,True,1.0,576,576,0
2019,p277-2019-06-01T19:40:00,p277,2019-06-01T19:40:00,2020-01-01T00:00:00,missed,False,True,,,2019-06-03T19:40:00,576,0.013125,0.02,7.36,48.0,1.2106497283390478,1.1485971365071375,1.6179576892872405,True,0.4774305555555556,101,101,0
2019,p142-2019-06-12T19:55:00,p142,2019-06-12T19:55:00,2019-07-17T09:30:00,missed,False,False,,,2019-06-14T19:55:00,576,26.570295138888888,27.04,27.04,48.0,1.4459843573951705,1.530455833489894,2.220787187819336,True,0.8541666666666666,406,406,0
2019,p680-2019-07-10T08:45:00,p680,2019-07-10T08:45:00,2020-01-01T00:00:00,missed,False,True,,,2019-07-12T08:45:00,576,5.362239583333333,5.37,5.37,48.0,1.9196529444329729,1.7333356258291046,2.5044104129967995,True,0.984375,487,487,0
2019,p586-2019-07-27T02:55:00,p586,2019-07-27T02:55:00,2019-09-16T03:25:00,missed,False,False,,,2019-07-29T02:55:00,576,0.05008680555555555,0.12,20.52,48.0,1.0225102327776094,1.3783810374226728,1.8920224328598323,True,0.7569444444444444,346,346,0
2019,p721-2019-08-03T03:20:00,p721,2019-08-03T03:20:00,2020-01-01T00:00:00,missed,False,True,,,2019-08-05T03:20:00,576,0.021458333333333333,0.04,13.18,48.0,1.07189654012657,1.403691533661834,2.007207205061512,True,0.7881944444444444,380,380,0
2019,p800-2019-08-16T22:05:00,p800,2019-08-16T22:05:00,2019-10-01T16:45:00,missed,False,False,,,2019-08-18T22:05:00,576,0.09373263888888889,0.24,21.95,48.0,2.170305788264612,2.053461819391439,2.4677404677520025,True,1.0,576,576,0
2019,p123-2019-09-15T15:40:00,p123,2019-09-15T15:40:00,2020-01-01T00:00:00,missed,False,True,,,2019-09-17T15:40:00,576,0.013402777777777777,0.02,9.19,48.0,4.160805807770455,2.550375633726793,4.480457000693148,True,1.0,576,576,0
2019,p455-2019-10-05T03:35:00,p455,2019-10-05T03:35:00,2020-01-01T00:00:00,missed,False,True,,,2019-10-07T03:35:00,576,0.01458333333333333,0.03,11.05,48.0,1.1913477532686692,1.4658445541030973,2.149241943451758,True,0.8315972222222222,390,390,0
2019,p762-2019-10-10T09:40:00,p762,2019-10-10T09:40:00,2020-01-01T00:00:00,missed,False,True,,,2019-10-12T09:40:00,576,0.022517361111111113,0.05,15.71,48.0,1.7111825500708004,1.468680781725438,1.9363383422768403,True,0.8177083333333334,393,393,0
2019,p426-2019-10-25T13:25:00,p426,2019-10-25T13:25:00,2020-01-01T00:00:00,missed,False,True,,,2019-10-27T13:25:00,576,13.209479166666666,13.43,13.56,48.0,1.5774422654577018,1.4294916985961805,1.755576895983177,True,0.9114583333333334,398,398,0
2019,p879-2019-11-21T09:15:00,p879,2019-11-21T09:15:00,2020-01-01T00:00:00,missed,False,True,,,2019-11-23T09:15:00,576,0.025190972222222222,0.05,10.93,48.0,2.5015996353376675,2.272277907458657,2.7407598187599502,True,1.0,576,576,0
