year,id,pipe,start,end,left_censored,right_censored,event_id,status,early_window_end_exclusive,early_samples,early_mean_flow_m3h,early_peak_flow_m3h,observed_peak_flow_m3h,early_window_hours
2018,p257-2018-01-09T00:30:00,p257,2018-01-09T00:30:00,2019-01-01T00:00:00,False,True,p257-2018-01-09T00:30:00,reference_only,2018-01-11T00:30:00,576,0.059513888888888894,0.15,6.87,48.0
2018,p461-2018-01-23T23:55:00,p461,2018-01-23T23:55:00,2018-04-02T11:45:00,False,False,p461-2018-01-23T23:55:00,reference_only,2018-01-25T23:55:00,576,0.02769097222222222,0.06,30.54,48.0
2018,p232-2018-01-31T03:45:00,p232,2018-01-31T03:45:00,2018-02-10T09:25:00,False,False,p232-2018-01-31T03:45:00,reference_only,2018-02-02T03:45:00,576,2.9279166666666665,8.63,26.1,48.0
2018,p427-2018-02-16T04:15:00,p427,2018-02-16T04:15:00,2019-01-01T00:00:00,False,True,p427-2018-02-16T04:15:00,reference_only,2018-02-18T04:15:00,576,0.01,0.01,5.11,48.0
2018,p673-2018-03-05T15:45:00,p673,2018-03-05T15:45:00,2018-03-23T10:30:00,False,False,p673-2018-03-05T15:45:00,reference_only,2018-03-07T15:45:00,576,28.402569444444445,28.42,28.42,48.0
2018,p628-2018-05-02T18:50:00,p628,2018-05-02T18:50:00,2018-05-29T21:25:00,False,False,p628-2018-05-02T18:50:00,reference_only,2018-05-04T18:50:00,576,0.3166666666666667,0.87,35.38,48.0
2018,p538-2018-05-18T08:35:00,p538,2018-05-18T08:35:00,2018-06-02T06:10:00,False,False,p538-2018-05-18T08:35:00,reference_only,2018-05-20T08:35:00,576,32.44109375,32.76,32.84,48.0
2018,p866-2018-06-01T09:05:00,p866,2018-06-01T09:05:00,2018-06-12T03:05:00,False,False,p866-2018-06-01T09:05:00,reference_only,2018-06-03T09:05:00,576,20.393663194444443,20.57,20.57,48.0
2018,p31-2018-06-29T01:35:00,p31,2018-06-29T01:35:00,2018-08-12T17:35:00,False,False,p31-2018-06-29T01:35:00,reference_only,2018-07-01T01:35:00,576,0.03803819444444445,0.09,16.21,48.0
2018,p654-2018-07-07T09:10:00,p654,2018-07-07T09:10:00,2019-01-01T00:00:00,False,True,p654-2018-07-07T09:10:00,reference_only,2018-07-09T09:10:00,576,0.011840277777777778,0.02,5.49,48.0
2018,p810-2018-07-30T18:40:00,p810,2018-07-30T18:40:00,2019-01-01T00:00:00,False,True,p810-2018-07-30T18:40:00,reference_only,2018-08-01T18:40:00,576,0.010347222222222223,0.02,6.91,48.0
2018,p183-2018-08-07T02:35:00,p183,2018-08-07T02:35:00,2018-09-01T17:15:00,False,False,p183-2018-08-07T02:35:00,reference_only,2018-08-09T02:35:00,576,16.255815972222223,16.43,16.46,48.0
2018,p158-2018-10-06T02:35:00,p158,2018-10-06T02:35:00,2018-10-23T13:40:00,False,False,p158-2018-10-06T02:35:00,reference_only,2018-10-08T02:35:00,576,24.459548611111114,24.75,24.76,48.0
2018,p369-2018-10-26T02:05:00,p369,2018-10-26T02:05:00,2018-11-08T20:30:00,False,False,p369-2018-10-26T02:05:00,reference_only,2018-10-28T02:05:00,576,20.610590277777778,21.04,21.05,48.0
