year,kind,sensor,month,mean
2018,pressure,n1,1,28.42673611111111
2018,pressure,n1,2,28.235536954365077
2018,pressure,n1,3,28.20721214157706
2018,pressure,n1,4,28.210895833333336
2018,pressure,n1,5,28.174327956989245
2018,pressure,n1,6,28.131271990740743
2018,pressure,n1,7,27.9872020609319
2018,pressure,n1,8,27.92951500896057
2018,pressure,n1,9,28.174836805555554
2018,pressure,n1,10,28.2052979390681
2018,pressure,n1,11,28.213383101851853
2018,pressure,n1,12,28.24021729390681
2019,pressure,n1,1,28.265059363799285
2019,pressure,n1,2,28.218851686507936
2019,pressure,n1,3,28.153758960573477
2019,pressure,n1,4,28.150846064814814
2019,pressure,n1,5,28.146267921146954
2019,pressure,n1,6,28.094921296296295
2019,pressure,n1,7,27.91494847670251
2019,pressure,n1,8,27.835586917562722
2019,pressure,n1,9,27.843240740740743
2019,pressure,n1,10,27.897165098566308
2019,pressure,n1,11,27.908894675925925
2019,pressure,n1,12,27.925153449820787
2018,pressure,n4,1,33.41910842293907
2018,pressure,n4,2,33.33075148809524
2018,pressure,n4,3,33.30091061827957
2018,pressure,n4,4,33.30634606481482
2018,pressure,n4,5,33.270865815412186
2018,pressure,n4,6,33.23057986111111
2018,pressure,n4,7,33.078267249103945
2018,pressure,n4,8,33.01649865591398
2018,pressure,n4,9,33.276063657407406
2018,pressure,n4,10,33.30348566308244
2018,pressure,n4,11,33.31194444444444
2018,pressure,n4,12,33.338357974910394
2019,pressure,n4,1,33.35884856630824
2019,pressure,n4,2,33.30894469246032
2019,pressure,n4,3,33.23923499103943
2019,pressure,n4,4,33.23814930555555
2019,pressure,n4,5,33.23463933691756
2019,pressure,n4,6,33.189056712962966
2019,pressure,n4,7,33.029190188172045
2019,pressure,n4,8,32.98919466845879
2019,pressure,n4,9,33.00456944444444
2019,pressure,n4,10,33.05515120967742
2019,pressure,n4,11,33.06721296296296
2019,pressure,n4,12,33.082231182795695
2018,pressure,n31,1,36.733748879928314
2018,pressure,n31,2,36.665229414682535
2018,pressure,n31,3,36.641790994623655
2018,pressure,n31,4,36.646028935185186
2018,pressure,n31,5,36.6141789874552
2018,pressure,n31,6,36.58095949074074
2018,pressure,n31,7,36.445594758064516
2018,pressure,n31,8,36.384326836917566
2018,pressure,n31,9,36.61457986111111
2018,pressure,n31,10,36.6359733422939
2018,pressure,n31,11,36.642190972222224
2018,pressure,n31,12,36.66272961469534
2019,pressure,n31,1,36.685332661290325
2019,pressure,n31,2,36.65013392857143
2019,pressure,n31,3,36.59062948028674
2019,pressure,n31,4,36.58825810185185
2019,pressure,n31,5,36.588702956989245
2019,pressure,n31,6,36.55236689814815
2019,pressure,n31,7,36.412982750896056
2019,pressure,n31,8,36.38673275089606
2019,pressure,n31,9,36.38616782407407
2019,pressure,n31,10,36.42963485663083
2019,pressure,n31,11,36.43930902777778
2019,pressure,n31,12,36.447338709677425
2018,pressure,n54,1,37.361214157706094
2018,pressure,n54,2,37.11746279761904
2018,pressure,n54,3,36.74906922043011
2018,pressure,n54,4,37.04104398148148
2018,pressure,n54,5,36.4571370967742
2018,pressure,n54,6,36.75981134259259
2018,pressure,n54,7,36.57241039426523
2018,pressure,n54,8,36.54592181899641
2018,pressure,n54,9,36.748820601851854
2018,pressure,n54,10,36.555276657706095
2018,pressure,n54,11,36.697487268518515
2018,pressure,n54,12,36.98880712365592
2019,pressure,n54,1,36.94700156810036
2019,pressure,n54,2,36.92971974206349
2019,pressure,n54,3,36.78272065412187
2019,pressure,n54,4,36.297306712962964
2019,pressure,n54,5,36.19320900537634
2019,pressure,n54,6,35.911468750000004
2019,pressure,n54,7,35.642656810035845
2019,pressure,n54,8,35.75683803763441
2019,pressure,n54,9,35.492493055555556
2019,pressure,n54,10,35.707327508960574
2019,pressure,n54,11,35.316192129629634
2019,pressure,n54,12,35.31754480286738
2018,pressure,n105,1,50.515079525089604
2018,pressure,n105,2,50.38803943452381
2018,pressure,n105,3,50.07487119175627
2018,pressure,n105,4,50.36515625
2018,pressure,n105,5,49.9845855734767
2018,pressure,n105,6,50.24108449074074
2018,pressure,n105,7,50.17220318100358
2018,pressure,n105,8,50.18358534946236
2018,pressure,n105,9,50.230386574074075
2018,pressure,n105,10,50.17984431003585
2018,pressure,n105,11,50.23780902777778
2018,pressure,n105,12,50.36550963261649
2019,pressure,n105,1,50.25371079749104
2019,pressure,n105,2,50.369061259920635
2019,pressure,n105,3,50.298410618279576
2019,pressure,n105,4,50.00931597222222
2019,pressure,n105,5,49.99894489247312
2019,pressure,n105,6,49.95038425925926
2019,pressure,n105,7,49.842912186379934
2019,pressure,n105,8,49.87971214157706
2019,pressure,n105,9,49.78413310185185
2019,pressure,n105,10,49.93046818996415
2019,pressure,n105,11,49.767263888888884
2019,pressure,n105,12,49.728654793906806
2018,pressure,n114,1,53.98119735663082
2018,pressure,n114,2,53.82554191468254
2018,pressure,n114,3,53.397325268817205
2018,pressure,n114,4,53.80172337962963
2018,pressure,n114,5,53.36928203405018
2018,pressure,n114,6,53.6645625
2018,pressure,n114,7,53.582914426523296
2018,pressure,n114,8,53.59875336021505
2018,pressure,n114,9,53.648322916666665
2018,pressure,n114,10,53.59202284946237
2018,pressure,n114,11,53.659199074074074
2018,pressure,n114,12,53.80884744623656
2019,pressure,n114,1,53.682354390681006
2019,pressure,n114,2,53.81735243055556
2019,pressure,n114,3,53.734329077060934
2019,pressure,n114,4,53.41231944444444
2019,pressure,n114,5,53.395770609318994
2019,pressure,n114,6,53.33742708333333
2019,pressure,n114,7,53.211650985663084
2019,pressure,n114,8,53.25152329749103
2019,pressure,n114,9,53.14004050925926
2019,pressure,n114,10,53.30804211469534
2019,pressure,n114,11,53.09709837962963
2019,pressure,n114,12,53.00758624551971
2018,pressure,n163,1,52.60996527777778
2018,pressure,n163,2,52.40063988095238
2018,pressure,n163,3,52.077030689964154
2018,pressure,n163,4,52.35884606481481
2018,pressure,n163,5,51.73462477598566
2018,pressure,n163,6,52.12422800925926
2018,pressure,n163,7,51.99239247311828
2018,pressure,n163,8,51.97791890681003
2018,pressure,n163,9,52.09144791666667
2018,pressure,n163,10,51.950430107526884
2018,pressure,n163,11,52.07445717592593
2018,pressure,n163,12,52.30476814516129
2019,pressure,n163,1,52.24197244623656
2019,pressure,n163,2,52.284821428571426
2019,pressure,n163,3,52.15770497311828
2019,pressure,n163,4,51.67594212962963
2019,pressure,n163,5,51.6667585125448
2019,pressure,n163,6,51.41016898148148
2019,pressure,n163,7,51.20713149641577
2019,pressure,n163,8,51.36009184587814
2019,pressure,n163,9,51.14510532407407
2019,pressure,n163,10,51.36640120967742
2019,pressure,n163,11,51.03263194444445
2019,pressure,n163,12,51.00526433691756
2018,pressure,n188,1,55.35743951612903
2018,pressure,n188,2,55.14980902777778
2018,pressure,n188,3,54.828531586021505
2018,pressure,n188,4,55.1118599537037
2018,pressure,n188,5,54.449970878136206
2018,pressure,n188,6,54.882190972222226
2018,pressure,n188,7,54.754278673835124
2018,pressure,n188,8,54.73812163978495
2018,pressure,n188,9,54.84265393518519
2018,pressure,n188,10,54.70385304659498
2018,pressure,n188,11,54.82713310185185
2018,pressure,n188,12,55.052893145161285
2019,pressure,n188,1,54.986729390681006
2019,pressure,n188,2,55.03512276785714
2019,pressure,n188,3,54.907469758064515
2019,pressure,n188,4,54.41199074074074
2019,pressure,n188,5,54.42281474014337
2019,pressure,n188,6,54.16075
2019,pressure,n188,7,53.96313844086022
2019,pressure,n188,8,54.1209520609319
2019,pressure,n188,9,53.90676967592592
2019,pressure,n188,10,54.14360775089606
2019,pressure,n188,11,53.83355671296296
2019,pressure,n188,12,53.81521953405018
2018,pressure,n215,1,39.09217293906811
2018,pressure,n215,2,39.09296502976191
2018,pressure,n215,3,39.01308467741936
2018,pressure,n215,4,39.089672453703706
2018,pressure,n215,5,39.08684811827957
2018,pressure,n215,6,39.08758564814815
2018,pressure,n215,7,39.08461357526882
2018,pressure,n215,8,39.08695004480286
2018,pressure,n215,9,39.084774305555555
2018,pressure,n215,10,39.08539874551971
2018,pressure,n215,11,39.08636111111112
2018,pressure,n215,12,39.090371863799284
2019,pressure,n215,1,39.09217293906811
2019,pressure,n215,2,39.09296502976191
2019,pressure,n215,3,39.0907560483871
2019,pressure,n215,4,39.089672453703706
2019,pressure,n215,5,39.08684811827957
2019,pressure,n215,6,39.08758564814815
2019,pressure,n215,7,39.0676086469534
2019,pressure,n215,8,39.06354838709677
2019,pressure,n215,9,39.06056944444445
2019,pressure,n215,10,39.061344086021506
2019,pressure,n215,11,39.06276851851852
2019,pressure,n215,12,39.068518145161285
2018,pressure,n229,1,52.607041890681
2018,pressure,n229,2,52.43282490079365
2018,pressure,n229,3,51.632007168458784
2018,pressure,n229,4,52.349863425925925
2018,pressure,n229,5,51.85446460573476
2018,pressure,n229,6,52.090186342592595
2018,pressure,n229,7,51.96341733870968
2018,pressure,n229,8,51.91619511648745
2018,pressure,n229,9,52.06983680555556
2018,pressure,n229,10,51.84404009856631
2018,pressure,n229,11,52.041216435185184
2018,pressure,n229,12,52.28573252688172
2019,pressure,n229,1,52.2475291218638
2019,pressure,n229,2,52.25703000992063
2019,pressure,n229,3,52.13994063620072
2019,pressure,n229,4,51.721302083333335
2019,pressure,n229,5,51.65104390681004
2019,pressure,n229,6,51.411028935185186
2019,pressure,n229,7,51.07713485663082
2019,pressure,n229,8,51.16401433691756
2019,pressure,n229,9,50.826770833333335
2019,pressure,n229,10,51.03835349462366
2019,pressure,n229,11,50.692871527777775
2019,pressure,n229,12,50.68390681003584
2018,pressure,n288,1,52.77787970430107
2018,pressure,n288,2,52.67133184523809
2018,pressure,n288,3,52.43765793010753
2018,pressure,n288,4,52.59966087962963
2018,pressure,n288,5,52.3157190860215
2018,pressure,n288,6,52.370832175925926
2018,pressure,n288,7,52.32980062724015
2018,pressure,n288,8,52.1594478046595
2018,pressure,n288,9,52.39151388888889
2018,pressure,n288,10,52.18858870967742
2018,pressure,n288,11,52.33746527777778
2018,pressure,n288,12,52.50381720430108
2019,pressure,n288,1,52.43499103942652
2019,pressure,n288,2,52.434196428571425
2019,pressure,n288,3,52.39992271505376
2019,pressure,n288,4,52.13197337962963
2019,pressure,n288,5,52.06853830645161
2019,pressure,n288,6,51.884388888888886
2019,pressure,n288,7,51.626304883512546
2019,pressure,n288,8,51.65130152329749
2019,pressure,n288,9,51.275114583333334
2019,pressure,n288,10,51.53511200716846
2019,pressure,n288,11,51.211920138888885
2019,pressure,n288,12,51.0749641577061
2018,pressure,n296,1,42.41729390681003
2018,pressure,n296,2,42.34921999007936
2018,pressure,n296,3,42.20223006272401
2018,pressure,n296,4,42.303111111111114
2018,pressure,n296,5,42.12221102150537
2018,pressure,n296,6,42.049226851851856
2018,pressure,n296,7,42.13008176523297
2018,pressure,n296,8,42.04409498207885
2018,pressure,n296,9,42.1750474537037
2018,pressure,n296,10,42.07159610215054
2018,pressure,n296,11,42.15303125
2018,pressure,n296,12,42.25820564516129
2019,pressure,n296,1,42.21617047491039
2019,pressure,n296,2,42.21473338293651
2019,pressure,n296,3,42.19445788530466
2019,pressure,n296,4,42.03344328703704
2019,pressure,n296,5,41.993122759856625
2019,pressure,n296,6,41.87975462962963
2019,pressure,n296,7,41.72802643369176
2019,pressure,n296,8,41.72126680107527
2019,pressure,n296,9,41.08633101851852
2019,pressure,n296,10,41.693553987455196
2019,pressure,n296,11,41.540163194444446
2019,pressure,n296,12,41.48018033154122
2018,pressure,n332,1,56.43783714157706
2018,pressure,n332,2,56.29262276785715
2018,pressure,n332,3,55.99651545698925
2018,pressure,n332,4,56.258636574074075
2018,pressure,n332,5,55.773441980286734
2018,pressure,n332,6,56.096439814814815
2018,pressure,n332,7,56.010675403225804
2018,pressure,n332,8,56.0157773297491
2018,pressure,n332,9,56.082039351851854
2018,pressure,n332,10,56.00658378136201
2018,pressure,n332,11,56.08345486111111
2018,pressure,n332,12,56.242286066308246
2019,pressure,n332,1,56.13604278673835
2019,pressure,n332,2,56.23940972222222
2019,pressure,n332,3,56.15172155017921
2019,pressure,n332,4,55.72668981481481
2019,pressure,n332,5,55.733030913978496
2019,pressure,n332,6,55.688971064814815
2019,pressure,n332,7,55.553047715053765
2019,pressure,n332,8,55.59913866487455
2019,pressure,n332,9,55.46852777777778
2019,pressure,n332,10,55.66421370967742
2019,pressure,n332,11,55.463738425925925
2019,pressure,n332,12,55.442343189964156
2018,pressure,n342,1,46.82498431899642
2018,pressure,n342,2,46.61102678571429
2018,pressure,n342,3,46.25262992831541
2018,pressure,n342,4,46.559158564814815
2018,pressure,n342,5,45.96113799283154
2018,pressure,n342,6,46.30288541666667
2018,pressure,n342,7,46.16649641577061
2018,pressure,n342,8,46.131447132616486
2018,pressure,n342,9,46.276663194444446
2018,pressure,n342,10,46.08655689964158
2018,pressure,n342,11,46.24514814814815
2018,pressure,n342,12,46.49272177419355
2019,pressure,n342,1,46.443963933691755
2019,pressure,n342,2,46.4603373015873
2019,pressure,n342,3,46.33386984767025
2019,pressure,n342,4,45.85474421296296
2019,pressure,n342,5,45.82201500896058
2019,pressure,n342,6,45.535185185185185
2019,pressure,n342,7,45.292010528673835
2019,pressure,n342,8,45.44958781362007
2019,pressure,n342,9,45.16124189814815
2019,pressure,n342,10,45.37694332437276
2019,pressure,n342,11,45.01788194444445
2019,pressure,n342,12,45.00217405913978
2018,pressure,n410,1,31.221695788530464
2018,pressure,n410,2,30.990939980158732
2018,pressure,n410,3,30.61914090501792
2018,pressure,n410,4,30.91067939814815
2018,pressure,n410,5,30.32774529569892
2018,pressure,n410,6,30.62585069444444
2018,pressure,n410,7,30.452644489247316
2018,pressure,n410,8,30.429469086021506
2018,pressure,n410,9,30.61472569444444
2018,pressure,n410,10,30.399437724014337
2018,pressure,n410,11,30.535570601851855
2018,pressure,n410,12,30.85707997311828
2019,pressure,n410,1,30.817806899641578
2019,pressure,n410,2,30.809383680555555
2019,pressure,n410,3,30.666293682795697
2019,pressure,n410,4,30.122697916666667
2019,pressure,n410,5,29.90317316308244
2019,pressure,n410,6,29.621153935185184
2019,pressure,n410,7,29.35466845878136
2019,pressure,n410,8,29.483170922939067
2019,pressure,n410,9,29.218431712962964
2019,pressure,n410,10,29.434336917562725
2019,pressure,n410,11,29.037002314814817
2019,pressure,n410,12,29.046478494623656
2018,pressure,n415,1,45.68678203405018
2018,pressure,n415,2,45.49082713293651
2018,pressure,n415,3,45.161686827956984
2018,pressure,n415,4,45.43244560185185
2018,pressure,n415,5,44.88869623655914
2018,pressure,n415,6,45.200017361111115
2018,pressure,n415,7,45.06255264336917
2018,pressure,n415,8,45.053693996415774
2018,pressure,n415,9,45.18331944444444
2018,pressure,n415,10,45.046124551971324
2018,pressure,n415,11,45.160805555555555
2018,pressure,n415,12,45.39359543010753
2019,pressure,n415,1,45.33405129928315
2019,pressure,n415,2,45.36794890873016
2019,pressure,n415,3,45.24638776881721
2019,pressure,n415,4,44.80321412037037
2019,pressure,n415,5,44.75168906810036
2019,pressure,n415,6,44.54899884259259
2019,pressure,n415,7,44.343035394265236
2019,pressure,n415,8,44.44871415770609
2019,pressure,n415,9,44.24743287037037
2019,pressure,n415,10,44.45445564516129
2019,pressure,n415,11,44.15098148148148
2019,pressure,n415,12,44.146807795698926
2018,pressure,n429,1,36.95267361111111
2018,pressure,n429,2,36.72716393849206
2018,pressure,n429,3,36.357806899641574
2018,pressure,n429,4,36.651079861111114
2018,pressure,n429,5,36.07497647849463
2018,pressure,n429,6,36.3741875
2018,pressure,n429,7,36.20624663978494
2018,pressure,n429,8,36.17823252688172
2018,pressure,n429,9,36.36029398148148
2018,pressure,n429,10,36.16010640681004
2018,pressure,n429,11,36.305156249999996
2018,pressure,n429,12,36.591923163082434
2019,pressure,n429,1,36.5492002688172
2019,pressure,n429,2,36.5438529265873
2019,pressure,n429,3,36.405955421146956
2019,pressure,n429,4,35.925211805555556
2019,pressure,n429,5,35.824288754480285
2019,pressure,n429,6,35.54966319444445
2019,pressure,n429,7,35.28766353046595
2019,pressure,n429,8,35.40896281362007
2019,pressure,n429,9,35.13837384259259
2019,pressure,n429,10,35.34686155913979
2019,pressure,n429,11,34.944843750000004
2019,pressure,n429,12,34.9430667562724
2018,pressure,n458,1,43.58621639784946
2018,pressure,n458,2,43.36818948412699
2018,pressure,n458,3,43.03614247311828
2018,pressure,n458,4,43.32148958333333
2018,pressure,n458,5,42.70033042114695
2018,pressure,n458,6,43.07472222222222
2018,pressure,n458,7,42.933211245519715
2018,pressure,n458,8,42.91551635304659
2018,pressure,n458,9,43.04532638888889
2018,pressure,n458,10,42.89017921146954
2018,pressure,n458,11,43.021405092592595
2018,pressure,n458,12,43.26530689964157
2019,pressure,n458,1,43.20911850358423
2019,pressure,n458,2,43.238937251984126
2019,pressure,n458,3,43.10779233870968
2019,pressure,n458,4,42.621975694444444
2019,pressure,n458,5,42.595916218637996
2019,pressure,n458,6,42.323394675925925
2019,pressure,n458,7,42.10572916666667
2019,pressure,n458,8,42.263532706093194
2019,pressure,n458,9,42.033712962962966
2019,pressure,n458,10,42.25420138888889
2019,pressure,n458,11,41.90917476851852
2019,pressure,n458,12,41.88919802867384
2018,pressure,n469,1,47.52960237455197
2018,pressure,n469,2,47.400546875
2018,pressure,n469,3,47.07671931003584
2018,pressure,n469,4,47.377233796296295
2018,pressure,n469,5,46.99719646057348
2018,pressure,n469,6,47.25241435185185
2018,pressure,n469,7,47.182269265232975
2018,pressure,n469,8,47.19498095878136
2018,pressure,n469,9,47.24150231481482
2018,pressure,n469,10,47.19189516129032
2018,pressure,n469,11,47.250061342592595
2018,pressure,n469,12,47.37925739247312
2019,pressure,n469,1,47.26911066308244
2019,pressure,n469,2,47.38380952380952
2019,pressure,n469,3,47.312012768817205
2019,pressure,n469,4,47.023927083333334
2019,pressure,n469,5,47.011962365591394
2019,pressure,n469,6,46.96266319444444
2019,pressure,n469,7,46.854041218637995
2019,pressure,n469,8,46.89192316308244
2019,pressure,n469,9,46.79671296296296
2019,pressure,n469,10,46.94322468637993
2019,pressure,n469,11,46.77922916666667
2019,pressure,n469,12,46.74004480286738
2018,pressure,n495,1,51.69822132616487
2018,pressure,n495,2,51.61073040674603
2018,pressure,n495,3,51.423240367383514
2018,pressure,n495,4,51.59055902777778
2018,pressure,n495,5,51.31214941756272
2018,pressure,n495,6,51.4953599537037
2018,pressure,n495,7,51.44366487455197
2018,pressure,n495,8,51.44850918458781
2018,pressure,n495,9,51.487096064814814
2018,pressure,n495,10,51.4446729390681
2018,pressure,n495,11,51.48936226851852
2018,pressure,n495,12,51.58378696236559
2019,pressure,n495,1,51.51780801971326
2019,pressure,n495,2,51.58327008928571
2019,pressure,n495,3,51.53112567204301
2019,pressure,n495,4,51.2945
2019,pressure,n495,5,51.292640008960575
2019,pressure,n495,6,51.26217824074074
2019,pressure,n495,7,51.18165322580645
2019,pressure,n495,8,51.211241039426525
2019,pressure,n495,9,51.136524305555554
2019,pressure,n495,10,51.24660058243728
2019,pressure,n495,11,51.12803703703704
2019,pressure,n495,12,51.11238911290322
2018,pressure,n506,1,53.53743839605735
2018,pressure,n506,2,53.401996527777776
2018,pressure,n506,3,53.085962141577056
2018,pressure,n506,4,53.374743055555555
2018,pressure,n506,5,52.924791666666664
2018,pressure,n506,6,53.233265046296296
2018,pressure,n506,7,53.15915882616487
2018,pressure,n506,8,53.169685259856635
2018,pressure,n506,9,53.22263888888889
2018,pressure,n506,10,53.164081541218636
2018,pressure,n506,11,53.22929166666667
2018,pressure,n506,12,53.3701814516129
2019,pressure,n506,1,53.18509968637993
2019,pressure,n506,2,53.371039186507936
2019,pressure,n506,3,53.294810707885304
2019,pressure,n506,4,52.969313657407405
2019,pressure,n506,5,52.960450268817205
2019,pressure,n506,6,52.904444444444444
2019,pressure,n506,7,52.78524529569892
2019,pressure,n506,8,52.82346326164875
2019,pressure,n506,9,52.71465856481482
2019,pressure,n506,10,52.882396953405014
2019,pressure,n506,11,52.704436342592594
2019,pressure,n506,12,52.66978718637993
2018,pressure,n516,1,54.85654121863799
2018,pressure,n516,2,54.701259920634925
2018,pressure,n516,3,54.3278125
2018,pressure,n516,4,54.66238773148149
2018,pressure,n516,5,54.16288082437276
2018,pressure,n516,6,54.49885185185185
2018,pressure,n516,7,54.40654569892473
2018,pressure,n516,8,54.41908714157706
2018,pressure,n516,9,54.47918518518518
2018,pressure,n516,10,54.407679211469535
2018,pressure,n516,11,54.48650115740741
2018,pressure,n516,12,54.65572020609319
2019,pressure,n516,1,54.53751904121864
2019,pressure,n516,2,54.66146825396826
2019,pressure,n516,3,54.56702844982079
2019,pressure,n516,4,54.199131944444446
2019,pressure,n516,5,54.18504032258064
2019,pressure,n516,6,54.10115277777778
2019,pressure,n516,7,53.95742495519713
2019,pressure,n516,8,53.973766801075264
2019,pressure,n516,9,53.83578240740741
2019,pressure,n516,10,54.07175179211469
2019,pressure,n516,11,53.85958796296297
2019,pressure,n516,12,53.814786066308244
2018,pressure,n519,1,47.62673051075269
2018,pressure,n519,2,47.43553075396825
2018,pressure,n519,3,47.11510416666667
2018,pressure,n519,4,47.38596990740741
2018,pressure,n519,5,46.82572356630824
2018,pressure,n519,6,47.16386111111111
2018,pressure,n519,7,47.037083333333335
2018,pressure,n519,8,47.02988799283155
2018,pressure,n519,9,47.141613425925925
2018,pressure,n519,10,47.0155958781362
2018,pressure,n519,11,47.126952546296295
2018,pressure,n519,12,47.34633400537634
2019,pressure,n519,1,47.27984431003584
2019,pressure,n519,2,47.328018353174606
2019,pressure,n519,3,47.20968189964157
2019,pressure,n519,4,46.763077546296294
2019,pressure,n519,5,46.73552867383513
2019,pressure,n519,6,46.53672916666667
2019,pressure,n519,7,46.344302195340504
2019,pressure,n519,8,46.456729390681005
2019,pressure,n519,9,46.264340277777784
2019,pressure,n519,10,46.47482974910395
2019,pressure,n519,11,46.18009722222222
2019,pressure,n519,12,46.16699596774193
2018,pressure,n549,1,54.80927979390681
2018,pressure,n549,2,54.646258680555555
2018,pressure,n549,3,54.312696012544805
2018,pressure,n549,4,54.606196759259255
2018,pressure,n549,5,54.07057011648745
2018,pressure,n549,6,54.42438194444444
2018,pressure,n549,7,54.324726702508954
2018,pressure,n549,8,54.33073140681004
2018,pressure,n549,9,54.40269212962963
2018,pressure,n549,10,54.31652665770609
2018,pressure,n549,11,54.404774305555556
2018,pressure,n549,12,54.58578741039426
2019,pressure,n549,1,54.48096550179211
2019,pressure,n549,2,54.58491071428571
2019,pressure,n549,3,54.483893369175625
2019,pressure,n549,4,54.07950694444445
2019,pressure,n549,5,54.071472894265234
2019,pressure,n549,6,53.95656944444445
2019,pressure,n549,7,53.80138216845878
2019,pressure,n549,8,53.78182795698925
2019,pressure,n549,9,53.618233796296295
2019,pressure,n549,10,53.930179211469536
2019,pressure,n549,11,53.70392013888889
2019,pressure,n549,12,53.67956989247312
2018,pressure,n613,1,56.21005600358423
2018,pressure,n613,2,55.98812003968254
2018,pressure,n613,3,55.66642697132616
2018,pressure,n613,4,55.955109953703705
2018,pressure,n613,5,55.26386312724014
2018,pressure,n613,6,55.71423379629629
2018,pressure,n613,7,55.58039874551971
2018,pressure,n613,8,55.55072468637993
2018,pressure,n613,9,55.65690856481481
2018,pressure,n613,10,55.493858646953406
2018,pressure,n613,11,55.63216550925926
2018,pressure,n613,12,55.86983534946237
2019,pressure,n613,1,55.813036514336915
2019,pressure,n613,2,55.84550099206349
2019,pressure,n613,3,55.70816420250896
2019,pressure,n613,4,55.14582638888889
2019,pressure,n613,5,55.20042338709678
2019,pressure,n613,6,54.89199652777778
2019,pressure,n613,7,54.68002016129032
2019,pressure,n613,8,54.88677979390681
2019,pressure,n613,9,54.64905671296296
2019,pressure,n613,10,54.877010528673836
2019,pressure,n613,11,54.54764699074074
2019,pressure,n613,12,54.53135080645161
2018,pressure,n636,1,45.56674731182795
2018,pressure,n636,2,45.423886408730155
2018,pressure,n636,3,45.118896729390684
2018,pressure,n636,4,45.360876157407404
2018,pressure,n636,5,44.972177419354836
2018,pressure,n636,6,45.13787962962963
2018,pressure,n636,7,45.05331877240144
2018,pressure,n636,8,44.991124551971325
2018,pressure,n636,9,45.14033101851852
2018,pressure,n636,10,44.95969758064516
2018,pressure,n636,11,45.109346064814815
2018,pressure,n636,12,45.300577956989244
2019,pressure,n636,1,45.259996639784944
2019,pressure,n636,2,45.26420014880952
2019,pressure,n636,3,45.17934811827957
2019,pressure,n636,4,44.84446296296296
2019,pressure,n636,5,44.79009744623656
2019,pressure,n636,6,44.5884537037037
2019,pressure,n636,7,44.36274641577061
2019,pressure,n636,8,44.439111783154125
2019,pressure,n636,9,44.133153935185184
2019,pressure,n636,10,44.35244959677419
2019,pressure,n636,11,44.0585
2019,pressure,n636,12,44.024911514336914
2018,pressure,n644,1,47.62931339605735
2018,pressure,n644,2,47.48583333333333
2018,pressure,n644,3,47.16172603046595
2018,pressure,n644,4,47.41148611111111
2018,pressure,n644,5,47.02392697132616
2018,pressure,n644,6,47.16766203703703
2018,pressure,n644,7,47.08410730286738
2018,pressure,n644,8,46.98201164874552
2018,pressure,n644,9,47.17285416666667
2018,pressure,n644,10,46.837804659498204
2018,pressure,n644,11,47.13368402777778
2018,pressure,n644,12,47.335594758064516
2019,pressure,n644,1,47.28359318996416
2019,pressure,n644,2,47.28512648809524
2019,pressure,n644,3,47.197894265232975
2019,pressure,n644,4,46.813901620370366
2019,pressure,n644,5,46.749201388888885
2019,pressure,n644,6,46.53174884259259
2019,pressure,n644,7,46.26822020609319
2019,pressure,n644,8,46.32615367383513
2019,pressure,n644,9,45.92592476851852
2019,pressure,n644,10,46.12556563620072
2019,pressure,n644,11,45.78327893518519
2019,pressure,n644,12,45.72724686379928
2018,pressure,n679,1,47.30784386200717
2018,pressure,n679,2,47.19785094246031
2018,pressure,n679,3,46.95788754480287
2018,pressure,n679,4,47.13071412037037
2018,pressure,n679,5,46.835939740143374
2018,pressure,n679,6,46.907715277777775
2018,pressure,n679,7,46.86364359318996
2018,pressure,n679,8,46.72513440860215
2018,pressure,n679,9,46.93014699074074
2018,pressure,n679,10,46.739762544802865
2018,pressure,n679,11,46.88808796296296
2018,pressure,n679,12,47.0523835125448
2019,pressure,n679,1,46.99014000896057
2019,pressure,n679,2,46.990199652777775
2019,pressure,n679,3,46.94889112903226
2019,pressure,n679,4,46.67658564814815
2019,pressure,n679,5,46.61762432795699
2019,pressure,n679,6,46.43828240740741
2019,pressure,n679,7,46.20068436379928
2019,pressure,n679,8,46.23475358422939
2019,pressure,n679,9,45.87076041666666
2019,pressure,n679,10,46.13035730286739
2019,pressure,n679,11,45.83598148148148
2019,pressure,n679,12,45.73517585125448
2018,pressure,n722,1,46.105834453405016
2018,pressure,n722,2,46.02976066468254
2018,pressure,n722,3,45.86470654121864
2018,pressure,n722,4,45.9754386574074
2018,pressure,n722,5,45.77387768817204
2018,pressure,n722,6,45.7530787037037
2018,pressure,n722,7,45.77766465053763
2018,pressure,n722,8,45.65463373655914
2018,pressure,n722,9,45.8257349537037
2018,pressure,n722,10,45.69987343189964
2018,pressure,n722,11,45.7950462962963
2018,pressure,n722,12,45.91573700716846
2019,pressure,n722,1,45.85324932795699
2019,pressure,n722,2,45.85245535714286
2019,pressure,n722,3,45.842659050179215
2019,pressure,n722,4,45.659252314814815
2019,pressure,n722,5,45.611521057347666
2019,pressure,n722,6,45.47838078703704
2019,pressure,n722,7,45.29087141577061
2019,pressure,n722,8,45.29627240143369
2019,pressure,n722,9,44.85479166666667
2019,pressure,n722,10,45.24529905913979
2019,pressure,n722,11,45.051362268518524
2019,pressure,n722,12,44.97198812724014
2018,pressure,n726,1,47.076637544802864
2018,pressure,n726,2,46.981587301587304
2018,pressure,n726,3,46.77455757168459
2018,pressure,n726,4,46.91470486111111
2018,pressure,n726,5,46.662730734767024
2018,pressure,n726,6,46.68816203703703
2018,pressure,n726,7,46.669320116487455
2018,pressure,n726,8,46.488546146953404
2018,pressure,n726,9,46.725096064814814
2018,pressure,n726,10,46.554307795698925
2018,pressure,n726,11,46.67879398148148
2018,pressure,n726,12,46.829549731182794
2019,pressure,n726,1,46.72368839605735
2019,pressure,n726,2,46.72467757936508
2019,pressure,n726,3,46.73690188172043
2019,pressure,n726,4,46.502149305555555
2019,pressure,n726,5,46.4430230734767
2019,pressure,n726,6,46.27318402777778
2019,pressure,n726,7,46.02821796594982
2019,pressure,n726,8,46.04335797491039
2019,pressure,n726,9,45.64997569444444
2019,pressure,n726,10,45.95624775985663
2019,pressure,n726,11,45.68994328703703
2019,pressure,n726,12,45.58331541218638
2018,pressure,n740,1,43.78968189964158
2018,pressure,n740,2,43.7525285218254
2018,pressure,n740,3,43.67164538530466
2018,pressure,n740,4,43.72552314814815
2018,pressure,n740,5,43.62661626344086
2018,pressure,n740,6,43.615171296296296
2018,pressure,n740,7,43.627856182795696
2018,pressure,n740,8,43.57182795698925
2018,pressure,n740,9,43.65171064814815
2018,pressure,n740,10,43.591346326164874
2018,pressure,n740,11,43.63707638888889
2018,pressure,n740,12,43.69665434587814
2019,pressure,n740,1,43.67149305555556
2019,pressure,n740,2,43.67066468253968
2019,pressure,n740,3,43.66110775089606
2019,pressure,n740,4,43.571868055555555
2019,pressure,n740,5,43.548045474910396
2019,pressure,n740,6,43.48304861111111
2019,pressure,n740,7,43.3918313172043
2019,pressure,n740,8,43.39500224014337
2019,pressure,n740,9,43.18414930555556
2019,pressure,n740,10,43.3715692204301
2019,pressure,n740,11,43.27850925925926
2019,pressure,n740,12,43.2205667562724
2018,pressure,n752,1,49.1209666218638
2018,pressure,n752,2,49.02443452380952
2018,pressure,n752,3,48.81361111111111
2018,pressure,n752,4,48.95517129629629
2018,pressure,n752,5,48.699030017921146
2018,pressure,n752,6,48.730640046296294
2018,pressure,n752,7,48.703548387096774
2018,pressure,n752,8,48.47425291218638
2018,pressure,n752,9,48.75738310185185
2018,pressure,n752,10,48.579586693548386
2018,pressure,n752,11,48.70578240740741
2018,pressure,n752,12,48.86084341397849
2019,pressure,n752,1,48.77991375448029
2019,pressure,n752,2,48.77926339285714
2019,pressure,n752,3,48.76589941756273
2019,pressure,n752,4,48.525989583333335
2019,pressure,n752,5,48.46451724910394
2019,pressure,n752,6,48.28549421296296
2019,pressure,n752,7,48.01686827956989
2019,pressure,n752,8,48.02769489247312
2019,pressure,n752,9,47.65170486111111
2019,pressure,n752,10,47.93291666666667
2019,pressure,n752,11,47.65373032407407
2019,pressure,n752,12,47.53858758960573
2018,pressure,n769,1,48.46616151433692
2018,pressure,n769,2,48.395276537698415
2018,pressure,n769,3,48.2400436827957
2018,pressure,n769,4,48.34338773148148
2018,pressure,n769,5,48.15457661290323
2018,pressure,n769,6,48.171146990740745
2018,pressure,n769,7,48.15677195340501
2018,pressure,n769,8,48.02341957885305
2018,pressure,n769,9,48.19721412037037
2018,pressure,n769,10,48.06645049283154
2018,pressure,n769,11,48.15785416666667
2018,pressure,n769,12,48.27313508064516
2019,pressure,n769,1,48.220955421146954
2019,pressure,n769,2,48.220132688492065
2019,pressure,n769,3,48.20328293010753
2019,pressure,n769,4,48.027547453703704
2019,pressure,n769,5,47.98128024193549
2019,pressure,n769,6,47.849328703703705
2019,pressure,n769,7,47.65276769713261
2019,pressure,n769,8,47.66010416666666
2019,pressure,n769,9,47.367416666666664
2019,pressure,n769,10,47.59384072580645
2019,pressure,n769,11,47.39200694444445
2019,pressure,n769,12,47.25859431003584
2018,flow,p227,1,76.22105398745519
2018,flow,p227,2,83.86203869047618
2018,flow,p227,3,98.57732302867383
2018,flow,p227,4,88.19250462962962
2018,flow,p227,5,105.45784498207885
2018,flow,p227,6,103.89573611111112
2018,flow,p227,7,104.01549059139785
2018,flow,p227,8,111.21311267921148
2018,flow,p227,9,100.39771064814815
2018,flow,p227,10,109.8976601702509
2018,flow,p227,11,102.52327430555555
2018,flow,p227,12,92.83559699820788
2019,flow,p227,1,96.18609206989248
2019,flow,p227,2,96.33533854166667
2019,flow,p227,3,99.15365031362008
2019,flow,p227,4,113.63134837962963
2019,flow,p227,5,116.61040770609318
2019,flow,p227,6,125.13965624999999
2019,flow,p227,7,136.12450380824373
2019,flow,p227,8,135.46659498207885
2019,flow,p227,9,156.28773842592594
2019,flow,p227,10,138.49617719534052
2019,flow,p227,11,150.00563194444445
2019,flow,p227,12,155.03404681899642
2018,flow,p235,1,80.48053427419354
2018,flow,p235,2,91.80546378968253
2018,flow,p235,3,113.49840613799283
2018,flow,p235,4,93.84674768518519
2018,flow,p235,5,122.28848678315413
2018,flow,p235,6,104.61969212962963
2018,flow,p235,7,109.6935315860215
2018,flow,p235,8,109.5133792562724
2018,flow,p235,9,105.42992708333333
2018,flow,p235,10,109.91620743727599
2018,flow,p235,11,105.03534259259258
2018,flow,p235,12,94.53334901433692
2019,flow,p235,1,102.5691207437276
2019,flow,p235,2,94.71791418650794
2019,flow,p235,3,100.73991823476702
2019,flow,p235,4,124.13929282407408
2019,flow,p235,5,124.2724641577061
2019,flow,p235,6,126.91849421296297
2019,flow,p235,7,134.10848342293906
2019,flow,p235,8,132.15575828853048
2019,flow,p235,9,138.6153402777778
2019,flow,p235,10,128.74372983870967
2019,flow,p235,11,139.63223842592592
2019,flow,p235,12,141.3215277777778
2018,flow,PUMP_1,1,19.93399193548387
2018,flow,PUMP_1,2,24.916963045634922
2018,flow,PUMP_1,3,25.817739695340503
2018,flow,PUMP_1,4,25.911234953703705
2018,flow,PUMP_1,5,26.671234318996415
2018,flow,PUMP_1,6,27.954849537037035
2018,flow,PUMP_1,7,33.71268817204301
2018,flow,PUMP_1,8,33.96014112903226
2018,flow,PUMP_1,9,26.85424652777778
2018,flow,PUMP_1,10,25.817297267025086
2018,flow,PUMP_1,11,25.737572916666668
2018,flow,PUMP_1,12,24.56333221326165
2019,flow,PUMP_1,1,24.032660170250896
2019,flow,PUMP_1,2,28.28657738095238
2019,flow,PUMP_1,3,30.890734767025087
2019,flow,PUMP_1,4,31.04667592592593
2019,flow,PUMP_1,5,31.866749551971328
2019,flow,PUMP_1,6,33.91949421296296
2019,flow,PUMP_1,7,36.80805779569893
2019,flow,PUMP_1,8,39.7488810483871
2019,flow,PUMP_1,9,39.395097222222226
2019,flow,PUMP_1,10,38.21780913978495
2019,flow,PUMP_1,11,37.88726388888889
2019,flow,PUMP_1,12,37.078278449820786
