kind,sensor,unit,mean_2018,mean_2019,std_2018,std_2019,mean_shift_2018_sd,matched_month_hour_rmse,daily_mean_ks_distance,unchanged_step_fraction_2018,unchanged_step_fraction_2019
pressure,n1,m,28.177513508371387,28.028331716133938,0.5484321004665701,0.5359525366653549,-0.2720150627772068,0.3310289536186291,0.3835616438356164,0.10385372768005784,0.09769879850455199
pressure,n4,m,33.26455175038051,33.14866657153729,0.5415864183120374,0.526907827867124,-0.2139735689908934,0.3115110587445596,0.336986301369863,0.11403266773846783,0.10932371883294172
pressure,n31,m,36.60495300608828,36.51224324581431,0.5084780552072123,0.4972699727276362,-0.1823279477345166,0.3012969843160265,0.38082191780821917,0.14527345199250374,0.13889021014279054
pressure,n54,m,36.79679119101979,36.02006088280061,0.7392040110874216,1.0046464490003146,-1.0507658191363984,0.9936780338203132,0.6246575342465753,0.0459288996280406,0.035426516614503564
pressure,n105,m,50.243408866057834,49.98242151826484,0.3588034137447196,0.438871647491957,-0.7273825660384532,0.3650148320087776,0.6082191780821918,0.07495314833664704,0.06119730971565559
pressure,n114,m,53.65909598554033,53.363894216133936,0.420986540460147,0.5128133656184474,-0.7012142694247071,0.4332612525573508,0.5917808219178082,0.059960616063699235,0.04964849361200164
pressure,n163,m,52.13903652968036,51.542617865296805,0.6069617036720397,0.8204686744086163,-0.9826298113625627,0.7606772296139448,0.6493150684931507,0.04816446122965401,0.038546789828670366
pressure,n188,m,54.88917132800609,54.30557077625571,0.6005441514582014,0.8030676704517793,-0.9717862547380058,0.743087601536592,0.6547945205479452,0.04821202637011387,0.03891779792425727
pressure,n215,m,39.081582096651445,39.07691942541857,0.030323644431668774,0.017200971344911536,-0.15376355053161653,0.02763439785466069,0.4273972602739726,0.5650928947193181,0.5265556179187397
pressure,n229,m,52.08723848934551,51.40497441019787,0.6514516182377006,0.9099931674832162,-1.0472981569886786,0.9173763253611361,0.5753424657534246,0.0428752176105176,0.03458937014241003
pressure,n288,m,52.42159370243531,51.80762899543379,0.4642617218809825,0.7358724667238483,-1.3224538618303678,0.7546822196814945,0.6246575342465753,0.06315699350260182,0.047707835881239356
pressure,n296,m,42.18851445966515,41.81379023972603,0.3034456252784913,0.4904557034116031,-1.2348974205682153,0.49323886715349835,0.5945205479452055,0.09821250202151847,0.07598055537058
pressure,n332,m,56.10626626712329,55.736457477168955,0.4370930538062818,0.5538790073078048,-0.8460642115768601,0.4819896579228607,0.6493150684931507,0.06493592975580056,0.05267363654524872
pressure,n342,m,46.32334141933029,45.64191381278539,0.6343276066338219,0.8870276145293994,-1.0742518525419755,0.8632156933431828,0.6410958904109589,0.0467089679315823,0.036910548996851186
pressure,n410,m,30.662670471841704,29.787740011415526,0.7231875059831019,1.0503157039591295,-1.2098251880565838,1.083910607646149,0.6547945205479452,0.04424509365576156,0.03448472683339834
pressure,n415,m,45.2277476217656,44.65013907914764,0.5996601935780896,0.8045849299302203,-0.9632264219031259,0.7379719735869417,0.6410958904109589,0.050799570011130245,0.04034475213805307
pressure,n429,m,36.4089398782344,35.65127844368341,0.6984136858455456,0.9729379577237938,-1.0848318838908702,0.960098230084247,0.6328767123287671,0.04602402990896032,0.03611145463712554
pressure,n458,m,43.094059170471844,42.45898116438356,0.6337744515081575,0.8623722545009526,-1.0020568114997788,0.8081774818280305,0.6465753424657534,0.047165593279996955,0.03672980146310372
pressure,n469,m,47.25468826103501,46.995382324961945,0.36393240366304863,0.44372688835039287,-0.7125112616054483,0.36538035632335464,0.6,0.07330739447673588,0.06053139774921756
pressure,n495,m,51.5012421042618,51.29004366438356,0.2602769837721608,0.3278488559972983,-0.8114372497228395,0.279335856732121,0.6410958904109589,0.1045101266184039,0.08545553135018408
pressure,n506,m,53.23782011035008,52.936475456621004,0.39710482964104477,0.48464321830199014,-0.7588541645324973,0.41161185939029343,0.6520547945205479,0.06848428923410611,0.055965144265071015
pressure,n516,m,54.50347212709285,54.14443179223744,0.4638876812580764,0.5806672852430277,-0.7739811798443973,0.4896320140307932,0.6164383561643836,0.05520410201771326,0.045006135903119325
pressure,n519,m,47.18530688736682,46.641690734398786,0.5751944045364584,0.7673907334646364,-0.9450998630734732,0.6956094525876627,0.6465753424657534,0.05144645592138434,0.04087748171120349
pressure,n549,m,54.43423687214612,54.0115957001522,0.4922476763028114,0.6376455046966736,-0.8585945497362416,0.5548038051832552,0.6410958904109589,0.05520410201771326,0.04432119788049734
pressure,n613,m,55.712630041856926,55.061123763318115,0.6263000848412116,0.8499922790225571,-1.0402461923727666,0.8154359018214115,0.6602739726027397,0.04699435877434146,0.03756694793519725
pressure,n636,m,45.17578234398783,44.60494035388128,0.49654906729066806,0.727602226697447,-1.1496184923299566,0.7172445422000201,0.6219178082191781,0.05978938155804374,0.04628088166744356
pressure,n644,m,47.19962452435311,46.497652872907146,0.5483249046917235,0.850114103314443,-1.2802111402191827,0.8755645659995215,0.6273972602739726,0.05531825835481692,0.042237844728355484
pressure,n679,m,46.959452625570776,46.3861926369863,0.45187978025255277,0.7019637276152653,-1.2686117273582889,0.7090208011700023,0.6301369863013698,0.06598236284591748,0.04947725910634614
pressure,n722,m,45.84623125951294,45.41547954718418,0.34419360275972777,0.5385877413787354,-1.2514808784213807,0.5375056664413248,0.6164383561643836,0.08579800036149507,0.06598236284591748
pressure,n726,m,46.7518144977169,46.193714707001526,0.4266103444905728,0.669109568491482,-1.3082190760794064,0.6812713712453858,0.6465753424657534,0.06974952197033837,0.05242629781485745
pressure,n740,m,43.66246499238965,43.453024543379,0.16958817382051813,0.26499756611968034,-1.2349944237993207,0.2626340796759966,0.6109589041095891,0.15940981173717406,0.1262283697523759
pressure,n752,m,48.78345338660579,48.19902815829528,0.44144046095445755,0.6984999230438984,-1.3239049883350154,0.7152511436305142,0.6109589041095891,0.06700025685175848,0.049943397482852765
pressure,n769,m,48.21904975266362,47.783419996194816,0.3252477946277453,0.5207920549992556,-1.3393780485656979,0.5349136538709005,0.6356164383561644,0.08866142181717862,0.06667681389663144
flow,p227,m3/h,98.2004778348554,126.68092161339422,29.967829537600608,35.59327064320145,0.9503672510818452,34.18898750279364,0.6164383561643836,0.0008942246406453638,0.0008181204159095882
flow,p235,m3/h,103.49628767123288,124.14384560502283,31.230731957798522,33.189362515262395,0.6611294913513586,26.998543209191492,0.6410958904109589,0.0006944510507139528,0.0007990943597256443
flow,PUMP_1,m3/h,26.83885273972603,34.129913432267884,21.457417865080163,18.179887313493083,0.339792082084925,16.84695970797053,0.5150684931506849,0.48533566719622523,0.3230338949190917
