event_id,pipe,start,end,status,left_censored,right_censored_at_test_end,alarm_id,delay_hours
p257-2019-01-01T00:00:00,p257,2019-01-01T00:00:00,2020-01-01T00:00:00,excluded_carry_in,True,True,,
p427-2019-01-01T00:00:00,p427,2019-01-01T00:00:00,2020-01-01T00:00:00,excluded_carry_in,True,True,,
p654-2019-01-01T00:00:00,p654,2019-01-01T00:00:00,2020-01-01T00:00:00,excluded_carry_in,True,True,,
p810-2019-01-01T00:00:00,p810,2019-01-01T00:00:00,2020-01-01T00:00:00,excluded_carry_in,True,True,,
p523-2019-01-15T23:00:00,p523,2019-01-15T23:00:00,2019-02-01T09:55:00,detected,False,False,baseline_deduplicated-b12340600ee1,3.0833333333333335
p827-2019-01-24T18:30:00,p827,2019-01-24T18:30:00,2019-02-07T09:10:00,missed,False,False,,
p280-2019-02-10T13:05:00,p280,2019-02-10T13:05:00,2020-01-01T00:00:00,missed,False,True,,
p653-2019-03-04T08:40:00,p653,2019-03-04T08:40:00,2019-05-05T12:15:00,missed,False,False,,
p710-2019-03-24T14:15:00,p710,2019-03-24T14:15:00,2020-01-01T00:00:00,missed,False,True,,
p514-2019-04-02T20:40:00,p514,2019-04-02T20:40:00,2019-05-23T15:00:00,detected,False,False,baseline_deduplicated-10dc522f9894,3.0
p331-2019-04-20T10:10:00,p331,2019-04-20T10:10:00,2020-01-01T00:00:00,missed,False,True,,
p193-2019-05-20T21:55:00,p193,2019-05-20T21:55:00,2020-01-01T00:00:00,missed,False,True,,
p277-2019-06-01T19:40:00,p277,2019-06-01T19:40:00,2020-01-01T00:00:00,missed,False,True,,
p142-2019-06-12T19:55:00,p142,2019-06-12T19:55:00,2019-07-17T09:30:00,missed,False,False,,
p680-2019-07-10T08:45:00,p680,2019-07-10T08:45:00,2020-01-01T00:00:00,missed,False,True,,
p586-2019-07-27T02:55:00,p586,2019-07-27T02:55:00,2019-09-16T03:25:00,missed,False,False,,
p721-2019-08-03T03:20:00,p721,2019-08-03T03:20:00,2020-01-01T00:00:00,missed,False,True,,
p800-2019-08-16T22:05:00,p800,2019-08-16T22:05:00,2019-10-01T16:45:00,missed,False,False,,
p123-2019-09-15T15:40:00,p123,2019-09-15T15:40:00,2020-01-01T00:00:00,missed,False,True,,
p455-2019-10-05T03:35:00,p455,2019-10-05T03:35:00,2020-01-01T00:00:00,missed,False,True,,
p762-2019-10-10T09:40:00,p762,2019-10-10T09:40:00,2020-01-01T00:00:00,missed,False,True,,
p426-2019-10-25T13:25:00,p426,2019-10-25T13:25:00,2020-01-01T00:00:00,missed,False,True,,
p879-2019-11-21T09:15:00,p879,2019-11-21T09:15:00,2020-01-01T00:00:00,missed,False,True,,
