fold,model,alarm_id,timestamp,status,event_id,candidate_event_ids,ambiguous_match,delay_hours
2018-05,baseline_original,baseline_original-17ffc4a2e9e6,2018-05-10T14:35:00,late,,[],False,
2018-05,baseline_original,baseline_original-24fcf5f1241f,2018-05-10T18:45:00,late,,[],False,
2018-05,baseline_original,baseline_original-8f2250287b5a,2018-05-11T17:25:00,late,,[],False,
2018-05,baseline_original,baseline_original-9aaa1713546f,2018-05-12T18:55:00,late,,[],False,
2018-05,baseline_original,baseline_original-64559901cd2a,2018-05-13T09:25:00,late,,[],False,
2018-05,baseline_original,baseline_original-bd58777f7b9c,2018-05-14T07:45:00,late,,[],False,
2018-05,baseline_deduplicated,baseline_deduplicated-17ffc4a2e9e6,2018-05-10T14:35:00,late,,[],False,
2018-05,ewma,ewma-58e9ccb89855,2018-05-03T13:25:00,matched,p628-2018-05-02T18:50:00,['p628-2018-05-02T18:50:00'],False,18.583333333333332
2018-05,ewma,ewma-3ff4ae9f32e4,2018-05-07T17:45:00,duplicate,,[],False,
2018-05,lightgbm_regression,lightgbm_regression-34eb6edc0279,2018-05-10T18:10:00,late,,[],False,
2018-05,lightgbm_regression,lightgbm_regression-546f706d4f8c,2018-05-12T08:50:00,late,,[],False,
2018-06,ewma,ewma-28c3af3b3415,2018-06-14T13:05:00,carry_in_only,,[],False,
2018-06,ewma,ewma-680f4b210836,2018-06-17T11:45:00,carry_in_only,,[],False,
2018-06,ewma,ewma-9e2b9f98c2d9,2018-06-25T13:05:00,carry_in_only,,[],False,
2018-07,baseline_original,baseline_original-5f3f5e6aa2e0,2018-07-31T10:20:00,matched,p810-2018-07-30T18:40:00,['p810-2018-07-30T18:40:00'],False,15.666666666666666
2018-07,baseline_deduplicated,baseline_deduplicated-5f3f5e6aa2e0,2018-07-31T10:20:00,matched,p810-2018-07-30T18:40:00,['p810-2018-07-30T18:40:00'],False,15.666666666666666
2018-07,ewma,ewma-fdd7569733d5,2018-07-05T10:55:00,carry_in_only,,[],False,
2018-07,ewma,ewma-b4ab93997119,2018-07-09T12:30:00,late,,[],False,
2018-07,ewma,ewma-a47e857025bd,2018-07-12T11:00:00,late,,[],False,
2018-07,ewma,ewma-6a0b3a098784,2018-07-15T14:30:00,late,,[],False,
2018-07,ewma,ewma-e53ae613dd15,2018-07-18T12:15:00,late,,[],False,
2018-07,ewma,ewma-9ffdef3ce7f1,2018-07-23T11:15:00,late,,[],False,
2018-07,ewma,ewma-4b8ec11ca2c5,2018-07-29T11:20:00,late,,[],False,
2018-08,baseline_original,baseline_original-2467aeae5db9,2018-08-07T05:50:00,matched,p183-2018-08-07T02:35:00,['p183-2018-08-07T02:35:00'],False,3.25
2018-08,baseline_deduplicated,baseline_deduplicated-2467aeae5db9,2018-08-07T05:50:00,matched,p183-2018-08-07T02:35:00,['p183-2018-08-07T02:35:00'],False,3.25
2018-08,ewma,ewma-990863270f58,2018-08-05T09:40:00,carry_in_only,,[],False,
2018-08,lightgbm_regression,lightgbm_regression-b30b0cadbfc7,2018-08-07T09:35:00,matched,p183-2018-08-07T02:35:00,['p183-2018-08-07T02:35:00'],False,7.0
2018-08,lightgbm_regression,lightgbm_regression-a49620749012,2018-08-26T13:00:00,duplicate,,[],False,
2018-09,ewma,ewma-578d90562366,2018-09-24T14:15:00,carry_in_only,,[],False,
2018-09,ewma,ewma-e43e67de02f0,2018-09-26T21:20:00,carry_in_only,,[],False,
2018-09,lightgbm_regression,lightgbm_regression-7ba6668292b5,2018-09-16T14:25:00,carry_in_only,,[],False,
2018-10,baseline_original,baseline_original-761e27034f35,2018-10-06T05:35:00,matched,p158-2018-10-06T02:35:00,['p158-2018-10-06T02:35:00'],False,3.0
2018-10,baseline_original,baseline_original-8cb4d19a3e1e,2018-10-26T08:00:00,matched,p369-2018-10-26T02:05:00,['p369-2018-10-26T02:05:00'],False,5.916666666666667
2018-10,baseline_original,baseline_original-2f3604ea5b64,2018-10-28T07:55:00,duplicate,,[],False,
2018-10,baseline_original,baseline_original-62e3073193c1,2018-10-30T08:15:00,duplicate,,[],False,
2018-10,baseline_original,baseline_original-954e9d909064,2018-10-31T08:00:00,duplicate,,[],False,
2018-10,baseline_deduplicated,baseline_deduplicated-761e27034f35,2018-10-06T05:35:00,matched,p158-2018-10-06T02:35:00,['p158-2018-10-06T02:35:00'],False,3.0
2018-10,baseline_deduplicated,baseline_deduplicated-8cb4d19a3e1e,2018-10-26T08:00:00,matched,p369-2018-10-26T02:05:00,['p369-2018-10-26T02:05:00'],False,5.916666666666667
2018-10,ewma,ewma-4af4591b3ffc,2018-10-02T14:15:00,carry_in_only,,[],False,
2018-10,ewma,ewma-57fa4b8bdd3b,2018-10-04T13:10:00,carry_in_only,,[],False,
2018-10,ewma,ewma-f832249b108d,2018-10-06T02:50:00,matched,p158-2018-10-06T02:35:00,['p158-2018-10-06T02:35:00'],False,0.25
2018-10,ewma,ewma-82d10a9c37a4,2018-10-25T13:05:00,carry_in_only,,[],False,
2018-11,baseline_original,baseline_original-f27f2364d483,2018-11-01T07:50:00,carry_in_only,,[],False,
2018-11,baseline_original,baseline_original-a9d7fcd51e9f,2018-11-02T08:35:00,carry_in_only,,[],False,
2018-11,baseline_original,baseline_original-8d6a8ae155a4,2018-11-05T07:40:00,carry_in_only,,[],False,
2018-11,baseline_original,baseline_original-cf2429cd63c6,2018-11-06T08:45:00,carry_in_only,,[],False,
2018-11,baseline_original,baseline_original-2955da29aa06,2018-11-07T08:35:00,carry_in_only,,[],False,
2018-11,baseline_original,baseline_original-22b172517ef7,2018-11-08T08:45:00,carry_in_only,,[],False,
