fold,fit_start,fit_end,calibration_start,calibration_end,outer_start,outer_end,model,candidate,parameters,threshold,precision,recall,f1,avg_detection_delay_hours,false_alarms_per_week,true_positives,false_positives,false_negatives,alarm_count,eligible_leak_events,excluded_carry_in_events,duplicate_alarms,carry_in_only_alarms,ambiguous_matches,test_start,test_end_exclusive,observed_weeks,max_detection_delay_hours,matching_rule,false_alarm_rule,zero_denominator_rule
2018-05,2018-01-01T00:00:00,2018-04-02T23:55:00,2018-04-03T00:00:00,2018-04-30T23:55:00,2018-05-01T00:00:00,2018-05-31T23:55:00,baseline_original,0,{'quantile': 0.995},1.1665235199879518,0.0,0.0,0.0,,0.0,0,0,0,0,0,2,0,0,0,2018-04-03T00:00:00,2018-05-01T00:00:00,4.0,48,"one-to-one temporal matching; earliest active deadline first; [onset, end)","all test alarms unmatched to a new eligible event, including duplicates and carry-in-only alarms",precision/recall/F1 are 0 when their denominator is 0; missing delay is null
2018-05,2018-01-01T00:00:00,2018-04-02T23:55:00,2018-04-03T00:00:00,2018-04-30T23:55:00,2018-05-01T00:00:00,2018-05-31T23:55:00,baseline_deduplicated,0,{'quantile': 0.995},1.1665235199879518,0.0,0.0,0.0,,0.0,0,0,0,0,0,2,0,0,0,2018-04-03T00:00:00,2018-05-01T00:00:00,4.0,48,"one-to-one temporal matching; earliest active deadline first; [onset, end)","all test alarms unmatched to a new eligible event, including duplicates and carry-in-only alarms",precision/recall/F1 are 0 when their denominator is 0; missing delay is null
2018-05,2018-01-01T00:00:00,2018-04-02T23:55:00,2018-04-03T00:00:00,2018-04-30T23:55:00,2018-05-01T00:00:00,2018-05-31T23:55:00,ewma,0,"{'alpha': 0.02, 'quantile': 0.99}",1.0048381875200831,0.0,0.0,0.0,,0.0,0,0,0,0,0,2,0,0,0,2018-04-03T00:00:00,2018-05-01T00:00:00,4.0,48,"one-to-one temporal matching; earliest active deadline first; [onset, end)","all test alarms unmatched to a new eligible event, including duplicates and carry-in-only alarms",precision/recall/F1 are 0 when their denominator is 0; missing delay is null
2018-05,2018-01-01T00:00:00,2018-04-02T23:55:00,2018-04-03T00:00:00,2018-04-30T23:55:00,2018-05-01T00:00:00,2018-05-31T23:55:00,ewma,1,"{'alpha': 0.02, 'quantile': 0.995}",1.0220399549017947,0.0,0.0,0.0,,0.0,0,0,0,0,0,2,0,0,0,2018-04-03T00:00:00,2018-05-01T00:00:00,4.0,48,"one-to-one temporal matching; earliest active deadline first; [onset, end)","all test alarms unmatched to a new eligible event, including duplicates and carry-in-only alarms",precision/recall/F1 are 0 when their denominator is 0; missing delay is null
2018-05,2018-01-01T00:00:00,2018-04-02T23:55:00,2018-04-03T00:00:00,2018-04-30T23:55:00,2018-05-01T00:00:00,2018-05-31T23:55:00,ewma,2,"{'alpha': 0.1, 'quantile': 0.99}",1.0795455097730402,0.0,0.0,0.0,,0.5,0,2,0,2,0,2,0,2,0,2018-04-03T00:00:00,2018-05-01T00:00:00,4.0,48,"one-to-one temporal matching; earliest active deadline first; [onset, end)","all test alarms unmatched to a new eligible event, including duplicates and carry-in-only alarms",precision/recall/F1 are 0 when their denominator is 0; missing delay is null
2018-05,2018-01-01T00:00:00,2018-04-02T23:55:00,2018-04-03T00:00:00,2018-04-30T23:55:00,2018-05-01T00:00:00,2018-05-31T23:55:00,ewma,3,"{'alpha': 0.1, 'quantile': 0.995}",1.1132112252437663,0.0,0.0,0.0,,0.5,0,2,0,2,0,2,0,2,0,2018-04-03T00:00:00,2018-05-01T00:00:00,4.0,48,"one-to-one temporal matching; earliest active deadline first; [onset, end)","all test alarms unmatched to a new eligible event, including duplicates and carry-in-only alarms",precision/recall/F1 are 0 when their denominator is 0; missing delay is null
2018-05,2018-01-01T00:00:00,2018-04-02T23:55:00,2018-04-03T00:00:00,2018-04-30T23:55:00,2018-05-01T00:00:00,2018-05-31T23:55:00,cusum,0,"{'reference_shift': 0.25, 'decision_limit': 5.0, 'center': 0.7811061352708534, 'scale': 0.13245909625179605}",5.0,0.0,0.0,0.0,,0.25,0,1,0,1,0,2,0,1,0,2018-04-03T00:00:00,2018-05-01T00:00:00,4.0,48,"one-to-one temporal matching; earliest active deadline first; [onset, end)","all test alarms unmatched to a new eligible event, including duplicates and carry-in-only alarms",precision/recall/F1 are 0 when their denominator is 0; missing delay is null
2018-05,2018-01-01T00:00:00,2018-04-02T23:55:00,2018-04-03T00:00:00,2018-04-30T23:55:00,2018-05-01T00:00:00,2018-05-31T23:55:00,cusum,1,"{'reference_shift': 0.25, 'decision_limit': 10.0, 'center': 0.7811061352708534, 'scale': 0.13245909625179605}",10.0,0.0,0.0,0.0,,0.25,0,1,0,1,0,2,0,1,0,2018-04-03T00:00:00,2018-05-01T00:00:00,4.0,48,"one-to-one temporal matching; earliest active deadline first; [onset, end)","all test alarms unmatched to a new eligible event, including duplicates and carry-in-only alarms",precision/recall/F1 are 0 when their denominator is 0; missing delay is null
2018-05,2018-01-01T00:00:00,2018-04-02T23:55:00,2018-04-03T00:00:00,2018-04-30T23:55:00,2018-05-01T00:00:00,2018-05-31T23:55:00,cusum,2,"{'reference_shift': 0.5, 'decision_limit': 5.0, 'center': 0.7811061352708534, 'scale': 0.13245909625179605}",5.0,0.0,0.0,0.0,,0.25,0,1,0,1,0,2,0,1,0,2018-04-03T00:00:00,2018-05-01T00:00:00,4.0,48,"one-to-one temporal matching; earliest active deadline first; [onset, end)","all test alarms unmatched to a new eligible event, including duplicates and carry-in-only alarms",precision/recall/F1 are 0 when their denominator is 0; missing delay is null
2018-05,2018-01-01T00:00:00,2018-04-02T23:55:00,2018-04-03T00:00:00,2018-04-30T23:55:00,2018-05-01T00:00:00,2018-05-31T23:55:00,cusum,3,"{'reference_shift': 0.5, 'decision_limit': 10.0, 'center': 0.7811061352708534, 'scale': 0.13245909625179605}",10.0,0.0,0.0,0.0,,0.5,0,2,0,2,0,2,0,2,0,2018-04-03T00:00:00,2018-05-01T00:00:00,4.0,48,"one-to-one temporal matching; earliest active deadline first; [onset, end)","all test alarms unmatched to a new eligible event, including duplicates and carry-in-only alarms",precision/recall/F1 are 0 when their denominator is 0; missing delay is null
2018-05,2018-01-01T00:00:00,2018-04-02T23:55:00,2018-04-03T00:00:00,2018-04-30T23:55:00,2018-05-01T00:00:00,2018-05-31T23:55:00,lightgbm_compact,0,{'probability_threshold': 0.1},0.1,0.0,0.0,0.0,,0.25,0,1,0,1,0,2,0,1,0,2018-04-03T00:00:00,2018-05-01T00:00:00,4.0,48,"one-to-one temporal matching; earliest active deadline first; [onset, end)","all test alarms unmatched to a new eligible event, including duplicates and carry-in-only alarms",precision/recall/F1 are 0 when their denominator is 0; missing delay is null
2018-05,2018-01-01T00:00:00,2018-04-02T23:55:00,2018-04-03T00:00:00,2018-04-30T23:55:00,2018-05-01T00:00:00,2018-05-31T23:55:00,lightgbm_compact,1,{'probability_threshold': 0.3},0.3,0.0,0.0,0.0,,0.25,0,1,0,1,0,2,0,1,0,2018-04-03T00:00:00,2018-05-01T00:00:00,4.0,48,"one-to-one temporal matching; earliest active deadline first; [onset, end)","all test alarms unmatched to a new eligible event, including duplicates and carry-in-only alarms",precision/recall/F1 are 0 when their denominator is 0; missing delay is null
2018-05,2018-01-01T00:00:00,2018-04-02T23:55:00,2018-04-03T00:00:00,2018-04-30T23:55:00,2018-05-01T00:00:00,2018-05-31T23:55:00,lightgbm_compact,2,{'probability_threshold': 0.5},0.5,0.0,0.0,0.0,,0.25,0,1,0,1,0,2,0,1,0,2018-04-03T00:00:00,2018-05-01T00:00:00,4.0,48,"one-to-one temporal matching; earliest active deadline first; [onset, end)","all test alarms unmatched to a new eligible event, including duplicates and carry-in-only alarms",precision/recall/F1 are 0 when their denominator is 0; missing delay is null
2018-05,2018-01-01T00:00:00,2018-04-02T23:55:00,2018-04-03T00:00:00,2018-04-30T23:55:00,2018-05-01T00:00:00,2018-05-31T23:55:00,lightgbm_compact,3,{'probability_threshold': 0.7},0.7,0.0,0.0,0.0,,0.25,0,1,0,1,0,2,0,1,0,2018-04-03T00:00:00,2018-05-01T00:00:00,4.0,48,"one-to-one temporal matching; earliest active deadline first; [onset, end)","all test alarms unmatched to a new eligible event, including duplicates and carry-in-only alarms",precision/recall/F1 are 0 when their denominator is 0; missing delay is null
2018-05,2018-01-01T00:00:00,2018-04-02T23:55:00,2018-04-03T00:00:00,2018-04-30T23:55:00,2018-05-01T00:00:00,2018-05-31T23:55:00,lightgbm_regression,0,{'rise_quantile': 0.95},8.1062216692454,0.0,0.0,0.0,,0.0,0,0,0,0,0,2,0,0,0,2018-04-03T00:00:00,2018-05-01T00:00:00,4.0,48,"one-to-one temporal matching; earliest active deadline first; [onset, end)","all test alarms unmatched to a new eligible event, including duplicates and carry-in-only alarms",precision/recall/F1 are 0 when their denominator is 0; missing delay is null
2018-05,2018-01-01T00:00:00,2018-04-02T23:55:00,2018-04-03T00:00:00,2018-04-30T23:55:00,2018-05-01T00:00:00,2018-05-31T23:55:00,lightgbm_regression,1,{'rise_quantile': 0.99},30.613053318670598,0.0,0.0,0.0,,0.0,0,0,0,0,0,2,0,0,0,2018-04-03T00:00:00,2018-05-01T00:00:00,4.0,48,"one-to-one temporal matching; earliest active deadline first; [onset, end)","all test alarms unmatched to a new eligible event, including duplicates and carry-in-only alarms",precision/recall/F1 are 0 when their denominator is 0; missing delay is null
2018-05,2018-01-01T00:00:00,2018-04-02T23:55:00,2018-04-03T00:00:00,2018-04-30T23:55:00,2018-05-01T00:00:00,2018-05-31T23:55:00,lightgbm_regression,2,{'rise_quantile': 0.995},33.37851175356917,0.0,0.0,0.0,,0.0,0,0,0,0,0,2,0,0,0,2018-04-03T00:00:00,2018-05-01T00:00:00,4.0,48,"one-to-one temporal matching; earliest active deadline first; [onset, end)","all test alarms unmatched to a new eligible event, including duplicates and carry-in-only alarms",precision/recall/F1 are 0 when their denominator is 0; missing delay is null
2018-06,2018-01-01T00:00:00,2018-05-03T23:55:00,2018-05-04T00:00:00,2018-05-31T23:55:00,2018-06-01T00:00:00,2018-06-30T23:55:00,baseline_original,0,{'quantile': 0.995},1.1611937870661204,0.0,0.0,0.0,,1.5,0,6,1,6,1,3,0,6,0,2018-05-04T00:00:00,2018-06-01T00:00:00,4.0,48,"one-to-one temporal matching; earliest active deadline first; [onset, end)","all test alarms unmatched to a new eligible event, including duplicates and carry-in-only alarms",precision/recall/F1 are 0 when their denominator is 0; missing delay is null
2018-06,2018-01-01T00:00:00,2018-05-03T23:55:00,2018-05-04T00:00:00,2018-05-31T23:55:00,2018-06-01T00:00:00,2018-06-30T23:55:00,baseline_deduplicated,0,{'quantile': 0.995},1.1611937870661204,0.0,0.0,0.0,,0.25,0,1,1,1,1,3,0,1,0,2018-05-04T00:00:00,2018-06-01T00:00:00,4.0,48,"one-to-one temporal matching; earliest active deadline first; [onset, end)","all test alarms unmatched to a new eligible event, including duplicates and carry-in-only alarms",precision/recall/F1 are 0 when their denominator is 0; missing delay is null
2018-06,2018-01-01T00:00:00,2018-05-03T23:55:00,2018-05-04T00:00:00,2018-05-31T23:55:00,2018-06-01T00:00:00,2018-06-30T23:55:00,ewma,0,"{'alpha': 0.02, 'quantile': 0.99}",1.0026655471636525,0.0,0.0,0.0,,0.25,0,1,1,1,1,3,0,1,0,2018-05-04T00:00:00,2018-06-01T00:00:00,4.0,48,"one-to-one temporal matching; earliest active deadline first; [onset, end)","all test alarms unmatched to a new eligible event, including duplicates and carry-in-only alarms",precision/recall/F1 are 0 when their denominator is 0; missing delay is null
2018-06,2018-01-01T00:00:00,2018-05-03T23:55:00,2018-05-04T00:00:00,2018-05-31T23:55:00,2018-06-01T00:00:00,2018-06-30T23:55:00,ewma,1,"{'alpha': 0.02, 'quantile': 0.995}",1.0181076467865933,0.0,0.0,0.0,,0.25,0,1,1,1,1,3,0,1,0,2018-05-04T00:00:00,2018-06-01T00:00:00,4.0,48,"one-to-one temporal matching; earliest active deadline first; [onset, end)","all test alarms unmatched to a new eligible event, including duplicates and carry-in-only alarms",precision/recall/F1 are 0 when their denominator is 0; missing delay is null
2018-06,2018-01-01T00:00:00,2018-05-03T23:55:00,2018-05-04T00:00:00,2018-05-31T23:55:00,2018-06-01T00:00:00,2018-06-30T23:55:00,ewma,2,"{'alpha': 0.1, 'quantile': 0.99}",1.0729929105466003,0.0,0.0,0.0,,0.25,0,1,1,1,1,3,0,1,0,2018-05-04T00:00:00,2018-06-01T00:00:00,4.0,48,"one-to-one temporal matching; earliest active deadline first; [onset, end)","all test alarms unmatched to a new eligible event, including duplicates and carry-in-only alarms",precision/recall/F1 are 0 when their denominator is 0; missing delay is null
2018-06,2018-01-01T00:00:00,2018-05-03T23:55:00,2018-05-04T00:00:00,2018-05-31T23:55:00,2018-06-01T00:00:00,2018-06-30T23:55:00,ewma,3,"{'alpha': 0.1, 'quantile': 0.995}",1.1070576652237514,0.0,0.0,0.0,,0.25,0,1,1,1,1,3,0,1,0,2018-05-04T00:00:00,2018-06-01T00:00:00,4.0,48,"one-to-one temporal matching; earliest active deadline first; [onset, end)","all test alarms unmatched to a new eligible event, including duplicates and carry-in-only alarms",precision/recall/F1 are 0 when their denominator is 0; missing delay is null
2018-06,2018-01-01T00:00:00,2018-05-03T23:55:00,2018-05-04T00:00:00,2018-05-31T23:55:00,2018-06-01T00:00:00,2018-06-30T23:55:00,cusum,0,"{'reference_shift': 0.25, 'decision_limit': 5.0, 'center': 0.7808264017545843, 'scale': 0.13053378151229872}",5.0,0.0,0.0,0.0,,0.25,0,1,1,1,1,3,0,1,0,2018-05-04T00:00:00,2018-06-01T00:00:00,4.0,48,"one-to-one temporal matching; earliest active deadline first; [onset, end)","all test alarms unmatched to a new eligible event, including duplicates and carry-in-only alarms",precision/recall/F1 are 0 when their denominator is 0; missing delay is null
2018-06,2018-01-01T00:00:00,2018-05-03T23:55:00,2018-05-04T00:00:00,2018-05-31T23:55:00,2018-06-01T00:00:00,2018-06-30T23:55:00,cusum,1,"{'reference_shift': 0.25, 'decision_limit': 10.0, 'center': 0.7808264017545843, 'scale': 0.13053378151229872}",10.0,0.0,0.0,0.0,,0.25,0,1,1,1,1,3,0,1,0,2018-05-04T00:00:00,2018-06-01T00:00:00,4.0,48,"one-to-one temporal matching; earliest active deadline first; [onset, end)","all test alarms unmatched to a new eligible event, including duplicates and carry-in-only alarms",precision/recall/F1 are 0 when their denominator is 0; missing delay is null
2018-06,2018-01-01T00:00:00,2018-05-03T23:55:00,2018-05-04T00:00:00,2018-05-31T23:55:00,2018-06-01T00:00:00,2018-06-30T23:55:00,cusum,2,"{'reference_shift': 0.5, 'decision_limit': 5.0, 'center': 0.7808264017545843, 'scale': 0.13053378151229872}",5.0,0.0,0.0,0.0,,0.25,0,1,1,1,1,3,0,1,0,2018-05-04T00:00:00,2018-06-01T00:00:00,4.0,48,"one-to-one temporal matching; earliest active deadline first; [onset, end)","all test alarms unmatched to a new eligible event, including duplicates and carry-in-only alarms",precision/recall/F1 are 0 when their denominator is 0; missing delay is null
2018-06,2018-01-01T00:00:00,2018-05-03T23:55:00,2018-05-04T00:00:00,2018-05-31T23:55:00,2018-06-01T00:00:00,2018-06-30T23:55:00,cusum,3,"{'reference_shift': 0.5, 'decision_limit': 10.0, 'center': 0.7808264017545843, 'scale': 0.13053378151229872}",10.0,0.0,0.0,0.0,,0.25,0,1,1,1,1,3,0,1,0,2018-05-04T00:00:00,2018-06-01T00:00:00,4.0,48,"one-to-one temporal matching; earliest active deadline first; [onset, end)","all test alarms unmatched to a new eligible event, including duplicates and carry-in-only alarms",precision/recall/F1 are 0 when their denominator is 0; missing delay is null
2018-06,2018-01-01T00:00:00,2018-05-03T23:55:00,2018-05-04T00:00:00,2018-05-31T23:55:00,2018-06-01T00:00:00,2018-06-30T23:55:00,lightgbm_compact,0,{'probability_threshold': 0.1},0.1,0.0,0.0,0.0,,0.25,0,1,1,1,1,3,0,1,0,2018-05-04T00:00:00,2018-06-01T00:00:00,4.0,48,"one-to-one temporal matching; earliest active deadline first; [onset, end)","all test alarms unmatched to a new eligible event, including duplicates and carry-in-only alarms",precision/recall/F1 are 0 when their denominator is 0; missing delay is null
2018-06,2018-01-01T00:00:00,2018-05-03T23:55:00,2018-05-04T00:00:00,2018-05-31T23:55:00,2018-06-01T00:00:00,2018-06-30T23:55:00,lightgbm_compact,1,{'probability_threshold': 0.3},0.3,0.0,0.0,0.0,,0.25,0,1,1,1,1,3,0,1,0,2018-05-04T00:00:00,2018-06-01T00:00:00,4.0,48,"one-to-one temporal matching; earliest active deadline first; [onset, end)","all test alarms unmatched to a new eligible event, including duplicates and carry-in-only alarms",precision/recall/F1 are 0 when their denominator is 0; missing delay is null
2018-06,2018-01-01T00:00:00,2018-05-03T23:55:00,2018-05-04T00:00:00,2018-05-31T23:55:00,2018-06-01T00:00:00,2018-06-30T23:55:00,lightgbm_compact,2,{'probability_threshold': 0.5},0.5,0.0,0.0,0.0,,0.25,0,1,1,1,1,3,0,1,0,2018-05-04T00:00:00,2018-06-01T00:00:00,4.0,48,"one-to-one temporal matching; earliest active deadline first; [onset, end)","all test alarms unmatched to a new eligible event, including duplicates and carry-in-only alarms",precision/recall/F1 are 0 when their denominator is 0; missing delay is null
2018-06,2018-01-01T00:00:00,2018-05-03T23:55:00,2018-05-04T00:00:00,2018-05-31T23:55:00,2018-06-01T00:00:00,2018-06-30T23:55:00,lightgbm_compact,3,{'probability_threshold': 0.7},0.7,0.0,0.0,0.0,,0.25,0,1,1,1,1,3,0,1,0,2018-05-04T00:00:00,2018-06-01T00:00:00,4.0,48,"one-to-one temporal matching; earliest active deadline first; [onset, end)","all test alarms unmatched to a new eligible event, including duplicates and carry-in-only alarms",precision/recall/F1 are 0 when their denominator is 0; missing delay is null
2018-06,2018-01-01T00:00:00,2018-05-03T23:55:00,2018-05-04T00:00:00,2018-05-31T23:55:00,2018-06-01T00:00:00,2018-06-30T23:55:00,lightgbm_regression,0,{'rise_quantile': 0.95},5.974587406941421,0.0,0.0,0.0,,0.75,0,3,1,3,1,3,0,3,0,2018-05-04T00:00:00,2018-06-01T00:00:00,4.0,48,"one-to-one temporal matching; earliest active deadline first; [onset, end)","all test alarms unmatched to a new eligible event, including duplicates and carry-in-only alarms",precision/recall/F1 are 0 when their denominator is 0; missing delay is null
2018-06,2018-01-01T00:00:00,2018-05-03T23:55:00,2018-05-04T00:00:00,2018-05-31T23:55:00,2018-06-01T00:00:00,2018-06-30T23:55:00,lightgbm_regression,1,{'rise_quantile': 0.99},27.168887812420994,0.0,0.0,0.0,,0.0,0,0,1,0,1,3,0,0,0,2018-05-04T00:00:00,2018-06-01T00:00:00,4.0,48,"one-to-one temporal matching; earliest active deadline first; [onset, end)","all test alarms unmatched to a new eligible event, including duplicates and carry-in-only alarms",precision/recall/F1 are 0 when their denominator is 0; missing delay is null
2018-06,2018-01-01T00:00:00,2018-05-03T23:55:00,2018-05-04T00:00:00,2018-05-31T23:55:00,2018-06-01T00:00:00,2018-06-30T23:55:00,lightgbm_regression,2,{'rise_quantile': 0.995},33.07315349937614,0.0,0.0,0.0,,0.0,0,0,1,0,1,3,0,0,0,2018-05-04T00:00:00,2018-06-01T00:00:00,4.0,48,"one-to-one temporal matching; earliest active deadline first; [onset, end)","all test alarms unmatched to a new eligible event, including duplicates and carry-in-only alarms",precision/recall/F1 are 0 when their denominator is 0; missing delay is null
2018-07,2018-01-01T00:00:00,2018-06-02T23:55:00,2018-06-03T00:00:00,2018-06-30T23:55:00,2018-07-01T00:00:00,2018-07-31T23:55:00,baseline_original,0,{'quantile': 0.995},1.1878446707862038,0.0,0.0,0.0,,0.0,0,0,1,0,1,3,0,0,0,2018-06-03T00:00:00,2018-07-01T00:00:00,4.0,48,"one-to-one temporal matching; earliest active deadline first; [onset, end)","all test alarms unmatched to a new eligible event, including duplicates and carry-in-only alarms",precision/recall/F1 are 0 when their denominator is 0; missing delay is null
2018-07,2018-01-01T00:00:00,2018-06-02T23:55:00,2018-06-03T00:00:00,2018-06-30T23:55:00,2018-07-01T00:00:00,2018-07-31T23:55:00,baseline_deduplicated,0,{'quantile': 0.995},1.1878446707862038,0.0,0.0,0.0,,0.0,0,0,1,0,1,3,0,0,0,2018-06-03T00:00:00,2018-07-01T00:00:00,4.0,48,"one-to-one temporal matching; earliest active deadline first; [onset, end)","all test alarms unmatched to a new eligible event, including duplicates and carry-in-only alarms",precision/recall/F1 are 0 when their denominator is 0; missing delay is null
2018-07,2018-01-01T00:00:00,2018-06-02T23:55:00,2018-06-03T00:00:00,2018-06-30T23:55:00,2018-07-01T00:00:00,2018-07-31T23:55:00,ewma,0,"{'alpha': 0.02, 'quantile': 0.99}",1.0281765653757706,0.0,0.0,0.0,,0.25,0,1,1,1,1,3,0,1,0,2018-06-03T00:00:00,2018-07-01T00:00:00,4.0,48,"one-to-one temporal matching; earliest active deadline first; [onset, end)","all test alarms unmatched to a new eligible event, including duplicates and carry-in-only alarms",precision/recall/F1 are 0 when their denominator is 0; missing delay is null
2018-07,2018-01-01T00:00:00,2018-06-02T23:55:00,2018-06-03T00:00:00,2018-06-30T23:55:00,2018-07-01T00:00:00,2018-07-31T23:55:00,ewma,1,"{'alpha': 0.02, 'quantile': 0.995}",1.0476883350482453,0.0,0.0,0.0,,0.25,0,1,1,1,1,3,0,1,0,2018-06-03T00:00:00,2018-07-01T00:00:00,4.0,48,"one-to-one temporal matching; earliest active deadline first; [onset, end)","all test alarms unmatched to a new eligible event, including duplicates and carry-in-only alarms",precision/recall/F1 are 0 when their denominator is 0; missing delay is null
2018-07,2018-01-01T00:00:00,2018-06-02T23:55:00,2018-06-03T00:00:00,2018-06-30T23:55:00,2018-07-01T00:00:00,2018-07-31T23:55:00,ewma,2,"{'alpha': 0.1, 'quantile': 0.99}",1.1040771415692419,0.0,0.0,0.0,,1.75,0,7,1,7,1,3,0,7,0,2018-06-03T00:00:00,2018-07-01T00:00:00,4.0,48,"one-to-one temporal matching; earliest active deadline first; [onset, end)","all test alarms unmatched to a new eligible event, including duplicates and carry-in-only alarms",precision/recall/F1 are 0 when their denominator is 0; missing delay is null
2018-07,2018-01-01T00:00:00,2018-06-02T23:55:00,2018-06-03T00:00:00,2018-06-30T23:55:00,2018-07-01T00:00:00,2018-07-31T23:55:00,ewma,3,"{'alpha': 0.1, 'quantile': 0.995}",1.1294390865776098,0.0,0.0,0.0,,1.5,0,6,1,6,1,3,0,6,0,2018-06-03T00:00:00,2018-07-01T00:00:00,4.0,48,"one-to-one temporal matching; earliest active deadline first; [onset, end)","all test alarms unmatched to a new eligible event, including duplicates and carry-in-only alarms",precision/recall/F1 are 0 when their denominator is 0; missing delay is null
2018-07,2018-01-01T00:00:00,2018-06-02T23:55:00,2018-06-03T00:00:00,2018-06-30T23:55:00,2018-07-01T00:00:00,2018-07-31T23:55:00,cusum,0,"{'reference_shift': 0.25, 'decision_limit': 5.0, 'center': 0.7745809242837287, 'scale': 0.14257287488666906}",5.0,0.0,0.0,0.0,,0.25,0,1,1,1,1,3,0,1,0,2018-06-03T00:00:00,2018-07-01T00:00:00,4.0,48,"one-to-one temporal matching; earliest active deadline first; [onset, end)","all test alarms unmatched to a new eligible event, including duplicates and carry-in-only alarms",precision/recall/F1 are 0 when their denominator is 0; missing delay is null
2018-07,2018-01-01T00:00:00,2018-06-02T23:55:00,2018-06-03T00:00:00,2018-06-30T23:55:00,2018-07-01T00:00:00,2018-07-31T23:55:00,cusum,1,"{'reference_shift': 0.25, 'decision_limit': 10.0, 'center': 0.7745809242837287, 'scale': 0.14257287488666906}",10.0,0.0,0.0,0.0,,0.25,0,1,1,1,1,3,0,1,0,2018-06-03T00:00:00,2018-07-01T00:00:00,4.0,48,"one-to-one temporal matching; earliest active deadline first; [onset, end)","all test alarms unmatched to a new eligible event, including duplicates and carry-in-only alarms",precision/recall/F1 are 0 when their denominator is 0; missing delay is null
2018-07,2018-01-01T00:00:00,2018-06-02T23:55:00,2018-06-03T00:00:00,2018-06-30T23:55:00,2018-07-01T00:00:00,2018-07-31T23:55:00,cusum,2,"{'reference_shift': 0.5, 'decision_limit': 5.0, 'center': 0.7745809242837287, 'scale': 0.14257287488666906}",5.0,0.0,0.0,0.0,,0.25,0,1,1,1,1,3,0,1,0,2018-06-03T00:00:00,2018-07-01T00:00:00,4.0,48,"one-to-one temporal matching; earliest active deadline first; [onset, end)","all test alarms unmatched to a new eligible event, including duplicates and carry-in-only alarms",precision/recall/F1 are 0 when their denominator is 0; missing delay is null
2018-07,2018-01-01T00:00:00,2018-06-02T23:55:00,2018-06-03T00:00:00,2018-06-30T23:55:00,2018-07-01T00:00:00,2018-07-31T23:55:00,cusum,3,"{'reference_shift': 0.5, 'decision_limit': 10.0, 'center': 0.7745809242837287, 'scale': 0.14257287488666906}",10.0,0.0,0.0,0.0,,0.25,0,1,1,1,1,3,0,1,0,2018-06-03T00:00:00,2018-07-01T00:00:00,4.0,48,"one-to-one temporal matching; earliest active deadline first; [onset, end)","all test alarms unmatched to a new eligible event, including duplicates and carry-in-only alarms",precision/recall/F1 are 0 when their denominator is 0; missing delay is null
2018-07,2018-01-01T00:00:00,2018-06-02T23:55:00,2018-06-03T00:00:00,2018-06-30T23:55:00,2018-07-01T00:00:00,2018-07-31T23:55:00,lightgbm_compact,0,{'probability_threshold': 0.1},0.1,0.0,0.0,0.0,,0.25,0,1,1,1,1,3,0,1,0,2018-06-03T00:00:00,2018-07-01T00:00:00,4.0,48,"one-to-one temporal matching; earliest active deadline first; [onset, end)","all test alarms unmatched to a new eligible event, including duplicates and carry-in-only alarms",precision/recall/F1 are 0 when their denominator is 0; missing delay is null
2018-07,2018-01-01T00:00:00,2018-06-02T23:55:00,2018-06-03T00:00:00,2018-06-30T23:55:00,2018-07-01T00:00:00,2018-07-31T23:55:00,lightgbm_compact,1,{'probability_threshold': 0.3},0.3,0.0,0.0,0.0,,0.25,0,1,1,1,1,3,0,1,0,2018-06-03T00:00:00,2018-07-01T00:00:00,4.0,48,"one-to-one temporal matching; earliest active deadline first; [onset, end)","all test alarms unmatched to a new eligible event, including duplicates and carry-in-only alarms",precision/recall/F1 are 0 when their denominator is 0; missing delay is null
2018-07,2018-01-01T00:00:00,2018-06-02T23:55:00,2018-06-03T00:00:00,2018-06-30T23:55:00,2018-07-01T00:00:00,2018-07-31T23:55:00,lightgbm_compact,2,{'probability_threshold': 0.5},0.5,0.0,0.0,0.0,,0.25,0,1,1,1,1,3,0,1,0,2018-06-03T00:00:00,2018-07-01T00:00:00,4.0,48,"one-to-one temporal matching; earliest active deadline first; [onset, end)","all test alarms unmatched to a new eligible event, including duplicates and carry-in-only alarms",precision/recall/F1 are 0 when their denominator is 0; missing delay is null
2018-07,2018-01-01T00:00:00,2018-06-02T23:55:00,2018-06-03T00:00:00,2018-06-30T23:55:00,2018-07-01T00:00:00,2018-07-31T23:55:00,lightgbm_compact,3,{'probability_threshold': 0.7},0.7,0.0,0.0,0.0,,0.25,0,1,1,1,1,3,0,1,0,2018-06-03T00:00:00,2018-07-01T00:00:00,4.0,48,"one-to-one temporal matching; earliest active deadline first; [onset, end)","all test alarms unmatched to a new eligible event, including duplicates and carry-in-only alarms",precision/recall/F1 are 0 when their denominator is 0; missing delay is null
2018-07,2018-01-01T00:00:00,2018-06-02T23:55:00,2018-06-03T00:00:00,2018-06-30T23:55:00,2018-07-01T00:00:00,2018-07-31T23:55:00,lightgbm_regression,0,{'rise_quantile': 0.95},9.291298291550232,0.0,0.0,0.0,,0.0,0,0,1,0,1,3,0,0,0,2018-06-03T00:00:00,2018-07-01T00:00:00,4.0,48,"one-to-one temporal matching; earliest active deadline first; [onset, end)","all test alarms unmatched to a new eligible event, including duplicates and carry-in-only alarms",precision/recall/F1 are 0 when their denominator is 0; missing delay is null
2018-07,2018-01-01T00:00:00,2018-06-02T23:55:00,2018-06-03T00:00:00,2018-06-30T23:55:00,2018-07-01T00:00:00,2018-07-31T23:55:00,lightgbm_regression,1,{'rise_quantile': 0.99},26.57554719423428,0.0,0.0,0.0,,0.0,0,0,1,0,1,3,0,0,0,2018-06-03T00:00:00,2018-07-01T00:00:00,4.0,48,"one-to-one temporal matching; earliest active deadline first; [onset, end)","all test alarms unmatched to a new eligible event, including duplicates and carry-in-only alarms",precision/recall/F1 are 0 when their denominator is 0; missing delay is null
2018-07,2018-01-01T00:00:00,2018-06-02T23:55:00,2018-06-03T00:00:00,2018-06-30T23:55:00,2018-07-01T00:00:00,2018-07-31T23:55:00,lightgbm_regression,2,{'rise_quantile': 0.995},30.41608337205917,0.0,0.0,0.0,,0.0,0,0,1,0,1,3,0,0,0,2018-06-03T00:00:00,2018-07-01T00:00:00,4.0,48,"one-to-one temporal matching; earliest active deadline first; [onset, end)","all test alarms unmatched to a new eligible event, including duplicates and carry-in-only alarms",precision/recall/F1 are 0 when their denominator is 0; missing delay is null
2018-08,2018-01-01T00:00:00,2018-07-03T23:55:00,2018-07-04T00:00:00,2018-07-31T23:55:00,2018-08-01T00:00:00,2018-08-31T23:55:00,baseline_original,0,{'quantile': 0.995},1.1817301772736741,0.0,0.0,0.0,,0.0,0,0,2,0,2,3,0,0,0,2018-07-04T00:00:00,2018-08-01T00:00:00,4.0,48,"one-to-one temporal matching; earliest active deadline first; [onset, end)","all test alarms unmatched to a new eligible event, including duplicates and carry-in-only alarms",precision/recall/F1 are 0 when their denominator is 0; missing delay is null
2018-08,2018-01-01T00:00:00,2018-07-03T23:55:00,2018-07-04T00:00:00,2018-07-31T23:55:00,2018-08-01T00:00:00,2018-08-31T23:55:00,baseline_deduplicated,0,{'quantile': 0.995},1.1817301772736741,0.0,0.0,0.0,,0.0,0,0,2,0,2,3,0,0,0,2018-07-04T00:00:00,2018-08-01T00:00:00,4.0,48,"one-to-one temporal matching; earliest active deadline first; [onset, end)","all test alarms unmatched to a new eligible event, including duplicates and carry-in-only alarms",precision/recall/F1 are 0 when their denominator is 0; missing delay is null
2018-08,2018-01-01T00:00:00,2018-07-03T23:55:00,2018-07-04T00:00:00,2018-07-31T23:55:00,2018-08-01T00:00:00,2018-08-31T23:55:00,ewma,0,"{'alpha': 0.02, 'quantile': 0.99}",1.0152550681225039,0.0,0.0,0.0,,2.25,0,9,2,9,2,3,0,1,0,2018-07-04T00:00:00,2018-08-01T00:00:00,4.0,48,"one-to-one temporal matching; earliest active deadline first; [onset, end)","all test alarms unmatched to a new eligible event, including duplicates and carry-in-only alarms",precision/recall/F1 are 0 when their denominator is 0; missing delay is null
2018-08,2018-01-01T00:00:00,2018-07-03T23:55:00,2018-07-04T00:00:00,2018-07-31T23:55:00,2018-08-01T00:00:00,2018-08-31T23:55:00,ewma,1,"{'alpha': 0.02, 'quantile': 0.995}",1.0334642065345438,0.0,0.0,0.0,,1.5,0,6,2,6,2,3,0,1,0,2018-07-04T00:00:00,2018-08-01T00:00:00,4.0,48,"one-to-one temporal matching; earliest active deadline first; [onset, end)","all test alarms unmatched to a new eligible event, including duplicates and carry-in-only alarms",precision/recall/F1 are 0 when their denominator is 0; missing delay is null
2018-08,2018-01-01T00:00:00,2018-07-03T23:55:00,2018-07-04T00:00:00,2018-07-31T23:55:00,2018-08-01T00:00:00,2018-08-31T23:55:00,ewma,2,"{'alpha': 0.1, 'quantile': 0.99}",1.0923684020509894,0.14285714285714285,0.5,0.22222222222222224,25.0,1.5,1,6,1,7,2,3,5,1,0,2018-07-04T00:00:00,2018-08-01T00:00:00,4.0,48,"one-to-one temporal matching; earliest active deadline first; [onset, end)","all test alarms unmatched to a new eligible event, including duplicates and carry-in-only alarms",precision/recall/F1 are 0 when their denominator is 0; missing delay is null
2018-08,2018-01-01T00:00:00,2018-07-03T23:55:00,2018-07-04T00:00:00,2018-07-31T23:55:00,2018-08-01T00:00:00,2018-08-31T23:55:00,ewma,3,"{'alpha': 0.1, 'quantile': 0.995}",1.1194588674393122,0.14285714285714285,0.5,0.22222222222222224,25.333333333333332,1.5,1,6,1,7,2,3,5,1,0,2018-07-04T00:00:00,2018-08-01T00:00:00,4.0,48,"one-to-one temporal matching; earliest active deadline first; [onset, end)","all test alarms unmatched to a new eligible event, including duplicates and carry-in-only alarms",precision/recall/F1 are 0 when their denominator is 0; missing delay is null
2018-08,2018-01-01T00:00:00,2018-07-03T23:55:00,2018-07-04T00:00:00,2018-07-31T23:55:00,2018-08-01T00:00:00,2018-08-31T23:55:00,cusum,0,"{'reference_shift': 0.25, 'decision_limit': 5.0, 'center': 0.7768356059057309, 'scale': 0.1410848590142945}",5.0,0.0,0.0,0.0,,0.25,0,1,2,1,2,3,0,1,0,2018-07-04T00:00:00,2018-08-01T00:00:00,4.0,48,"one-to-one temporal matching; earliest active deadline first; [onset, end)","all test alarms unmatched to a new eligible event, including duplicates and carry-in-only alarms",precision/recall/F1 are 0 when their denominator is 0; missing delay is null
2018-08,2018-01-01T00:00:00,2018-07-03T23:55:00,2018-07-04T00:00:00,2018-07-31T23:55:00,2018-08-01T00:00:00,2018-08-31T23:55:00,cusum,1,"{'reference_shift': 0.25, 'decision_limit': 10.0, 'center': 0.7768356059057309, 'scale': 0.1410848590142945}",10.0,0.0,0.0,0.0,,0.25,0,1,2,1,2,3,0,1,0,2018-07-04T00:00:00,2018-08-01T00:00:00,4.0,48,"one-to-one temporal matching; earliest active deadline first; [onset, end)","all test alarms unmatched to a new eligible event, including duplicates and carry-in-only alarms",precision/recall/F1 are 0 when their denominator is 0; missing delay is null
2018-08,2018-01-01T00:00:00,2018-07-03T23:55:00,2018-07-04T00:00:00,2018-07-31T23:55:00,2018-08-01T00:00:00,2018-08-31T23:55:00,cusum,2,"{'reference_shift': 0.5, 'decision_limit': 5.0, 'center': 0.7768356059057309, 'scale': 0.1410848590142945}",5.0,0.0,0.0,0.0,,0.25,0,1,2,1,2,3,0,1,0,2018-07-04T00:00:00,2018-08-01T00:00:00,4.0,48,"one-to-one temporal matching; earliest active deadline first; [onset, end)","all test alarms unmatched to a new eligible event, including duplicates and carry-in-only alarms",precision/recall/F1 are 0 when their denominator is 0; missing delay is null
2018-08,2018-01-01T00:00:00,2018-07-03T23:55:00,2018-07-04T00:00:00,2018-07-31T23:55:00,2018-08-01T00:00:00,2018-08-31T23:55:00,cusum,3,"{'reference_shift': 0.5, 'decision_limit': 10.0, 'center': 0.7768356059057309, 'scale': 0.1410848590142945}",10.0,0.0,0.0,0.0,,0.25,0,1,2,1,2,3,0,1,0,2018-07-04T00:00:00,2018-08-01T00:00:00,4.0,48,"one-to-one temporal matching; earliest active deadline first; [onset, end)","all test alarms unmatched to a new eligible event, including duplicates and carry-in-only alarms",precision/recall/F1 are 0 when their denominator is 0; missing delay is null
2018-08,2018-01-01T00:00:00,2018-07-03T23:55:00,2018-07-04T00:00:00,2018-07-31T23:55:00,2018-08-01T00:00:00,2018-08-31T23:55:00,lightgbm_compact,0,{'probability_threshold': 0.1},0.1,0.0,0.0,0.0,,0.25,0,1,2,1,2,3,0,1,0,2018-07-04T00:00:00,2018-08-01T00:00:00,4.0,48,"one-to-one temporal matching; earliest active deadline first; [onset, end)","all test alarms unmatched to a new eligible event, including duplicates and carry-in-only alarms",precision/recall/F1 are 0 when their denominator is 0; missing delay is null
2018-08,2018-01-01T00:00:00,2018-07-03T23:55:00,2018-07-04T00:00:00,2018-07-31T23:55:00,2018-08-01T00:00:00,2018-08-31T23:55:00,lightgbm_compact,1,{'probability_threshold': 0.3},0.3,0.0,0.0,0.0,,0.25,0,1,2,1,2,3,0,1,0,2018-07-04T00:00:00,2018-08-01T00:00:00,4.0,48,"one-to-one temporal matching; earliest active deadline first; [onset, end)","all test alarms unmatched to a new eligible event, including duplicates and carry-in-only alarms",precision/recall/F1 are 0 when their denominator is 0; missing delay is null
2018-08,2018-01-01T00:00:00,2018-07-03T23:55:00,2018-07-04T00:00:00,2018-07-31T23:55:00,2018-08-01T00:00:00,2018-08-31T23:55:00,lightgbm_compact,2,{'probability_threshold': 0.5},0.5,0.0,0.0,0.0,,0.25,0,1,2,1,2,3,0,1,0,2018-07-04T00:00:00,2018-08-01T00:00:00,4.0,48,"one-to-one temporal matching; earliest active deadline first; [onset, end)","all test alarms unmatched to a new eligible event, including duplicates and carry-in-only alarms",precision/recall/F1 are 0 when their denominator is 0; missing delay is null
2018-08,2018-01-01T00:00:00,2018-07-03T23:55:00,2018-07-04T00:00:00,2018-07-31T23:55:00,2018-08-01T00:00:00,2018-08-31T23:55:00,lightgbm_compact,3,{'probability_threshold': 0.7},0.7,0.0,0.0,0.0,,0.25,0,1,2,1,2,3,0,1,0,2018-07-04T00:00:00,2018-08-01T00:00:00,4.0,48,"one-to-one temporal matching; earliest active deadline first; [onset, end)","all test alarms unmatched to a new eligible event, including duplicates and carry-in-only alarms",precision/recall/F1 are 0 when their denominator is 0; missing delay is null
2018-08,2018-01-01T00:00:00,2018-07-03T23:55:00,2018-07-04T00:00:00,2018-07-31T23:55:00,2018-08-01T00:00:00,2018-08-31T23:55:00,lightgbm_regression,0,{'rise_quantile': 0.95},8.553277376179423,0.0,0.0,0.0,,0.0,0,0,2,0,2,3,0,0,0,2018-07-04T00:00:00,2018-08-01T00:00:00,4.0,48,"one-to-one temporal matching; earliest active deadline first; [onset, end)","all test alarms unmatched to a new eligible event, including duplicates and carry-in-only alarms",precision/recall/F1 are 0 when their denominator is 0; missing delay is null
2018-08,2018-01-01T00:00:00,2018-07-03T23:55:00,2018-07-04T00:00:00,2018-07-31T23:55:00,2018-08-01T00:00:00,2018-08-31T23:55:00,lightgbm_regression,1,{'rise_quantile': 0.99},27.702018875379192,0.0,0.0,0.0,,0.0,0,0,2,0,2,3,0,0,0,2018-07-04T00:00:00,2018-08-01T00:00:00,4.0,48,"one-to-one temporal matching; earliest active deadline first; [onset, end)","all test alarms unmatched to a new eligible event, including duplicates and carry-in-only alarms",precision/recall/F1 are 0 when their denominator is 0; missing delay is null
2018-08,2018-01-01T00:00:00,2018-07-03T23:55:00,2018-07-04T00:00:00,2018-07-31T23:55:00,2018-08-01T00:00:00,2018-08-31T23:55:00,lightgbm_regression,2,{'rise_quantile': 0.995},30.963984836398485,0.0,0.0,0.0,,0.0,0,0,2,0,2,3,0,0,0,2018-07-04T00:00:00,2018-08-01T00:00:00,4.0,48,"one-to-one temporal matching; earliest active deadline first; [onset, end)","all test alarms unmatched to a new eligible event, including duplicates and carry-in-only alarms",precision/recall/F1 are 0 when their denominator is 0; missing delay is null
2018-09,2018-01-01T00:00:00,2018-08-03T23:55:00,2018-08-04T00:00:00,2018-08-31T23:55:00,2018-09-01T00:00:00,2018-09-30T23:55:00,baseline_original,0,{'quantile': 0.995},1.1909723073198695,1.0,1.0,1.0,3.3333333333333335,0.0,1,0,0,1,1,5,0,0,0,2018-08-04T00:00:00,2018-09-01T00:00:00,4.0,48,"one-to-one temporal matching; earliest active deadline first; [onset, end)","all test alarms unmatched to a new eligible event, including duplicates and carry-in-only alarms",precision/recall/F1 are 0 when their denominator is 0; missing delay is null
2018-09,2018-01-01T00:00:00,2018-08-03T23:55:00,2018-08-04T00:00:00,2018-08-31T23:55:00,2018-09-01T00:00:00,2018-09-30T23:55:00,baseline_deduplicated,0,{'quantile': 0.995},1.1909723073198695,1.0,1.0,1.0,3.3333333333333335,0.0,1,0,0,1,1,5,0,0,0,2018-08-04T00:00:00,2018-09-01T00:00:00,4.0,48,"one-to-one temporal matching; earliest active deadline first; [onset, end)","all test alarms unmatched to a new eligible event, including duplicates and carry-in-only alarms",precision/recall/F1 are 0 when their denominator is 0; missing delay is null
2018-09,2018-01-01T00:00:00,2018-08-03T23:55:00,2018-08-04T00:00:00,2018-08-31T23:55:00,2018-09-01T00:00:00,2018-09-30T23:55:00,ewma,0,"{'alpha': 0.02, 'quantile': 0.99}",1.0030871730087674,0.0,0.0,0.0,,0.25,0,1,1,1,1,5,0,1,0,2018-08-04T00:00:00,2018-09-01T00:00:00,4.0,48,"one-to-one temporal matching; earliest active deadline first; [onset, end)","all test alarms unmatched to a new eligible event, including duplicates and carry-in-only alarms",precision/recall/F1 are 0 when their denominator is 0; missing delay is null
2018-09,2018-01-01T00:00:00,2018-08-03T23:55:00,2018-08-04T00:00:00,2018-08-31T23:55:00,2018-09-01T00:00:00,2018-09-30T23:55:00,ewma,1,"{'alpha': 0.02, 'quantile': 0.995}",1.0268007287344516,1.0,1.0,1.0,2.5833333333333335,0.0,1,0,0,1,1,5,0,0,0,2018-08-04T00:00:00,2018-09-01T00:00:00,4.0,48,"one-to-one temporal matching; earliest active deadline first; [onset, end)","all test alarms unmatched to a new eligible event, including duplicates and carry-in-only alarms",precision/recall/F1 are 0 when their denominator is 0; missing delay is null
2018-09,2018-01-01T00:00:00,2018-08-03T23:55:00,2018-08-04T00:00:00,2018-08-31T23:55:00,2018-09-01T00:00:00,2018-09-30T23:55:00,ewma,2,"{'alpha': 0.1, 'quantile': 0.99}",1.0985322336308523,0.0,0.0,0.0,,0.25,0,1,1,1,1,5,0,1,0,2018-08-04T00:00:00,2018-09-01T00:00:00,4.0,48,"one-to-one temporal matching; earliest active deadline first; [onset, end)","all test alarms unmatched to a new eligible event, including duplicates and carry-in-only alarms",precision/recall/F1 are 0 when their denominator is 0; missing delay is null
2018-09,2018-01-01T00:00:00,2018-08-03T23:55:00,2018-08-04T00:00:00,2018-08-31T23:55:00,2018-09-01T00:00:00,2018-09-30T23:55:00,ewma,3,"{'alpha': 0.1, 'quantile': 0.995}",1.1250348189249482,0.0,0.0,0.0,,0.25,0,1,1,1,1,5,0,1,0,2018-08-04T00:00:00,2018-09-01T00:00:00,4.0,48,"one-to-one temporal matching; earliest active deadline first; [onset, end)","all test alarms unmatched to a new eligible event, including duplicates and carry-in-only alarms",precision/recall/F1 are 0 when their denominator is 0; missing delay is null
2018-09,2018-01-01T00:00:00,2018-08-03T23:55:00,2018-08-04T00:00:00,2018-08-31T23:55:00,2018-09-01T00:00:00,2018-09-30T23:55:00,cusum,0,"{'reference_shift': 0.25, 'decision_limit': 5.0, 'center': 0.7762347396598249, 'scale': 0.14401107059225568}",5.0,0.0,0.0,0.0,,0.25,0,1,1,1,1,5,0,1,0,2018-08-04T00:00:00,2018-09-01T00:00:00,4.0,48,"one-to-one temporal matching; earliest active deadline first; [onset, end)","all test alarms unmatched to a new eligible event, including duplicates and carry-in-only alarms",precision/recall/F1 are 0 when their denominator is 0; missing delay is null
2018-09,2018-01-01T00:00:00,2018-08-03T23:55:00,2018-08-04T00:00:00,2018-08-31T23:55:00,2018-09-01T00:00:00,2018-09-30T23:55:00,cusum,1,"{'reference_shift': 0.25, 'decision_limit': 10.0, 'center': 0.7762347396598249, 'scale': 0.14401107059225568}",10.0,0.0,0.0,0.0,,0.25,0,1,1,1,1,5,0,1,0,2018-08-04T00:00:00,2018-09-01T00:00:00,4.0,48,"one-to-one temporal matching; earliest active deadline first; [onset, end)","all test alarms unmatched to a new eligible event, including duplicates and carry-in-only alarms",precision/recall/F1 are 0 when their denominator is 0; missing delay is null
2018-09,2018-01-01T00:00:00,2018-08-03T23:55:00,2018-08-04T00:00:00,2018-08-31T23:55:00,2018-09-01T00:00:00,2018-09-30T23:55:00,cusum,2,"{'reference_shift': 0.5, 'decision_limit': 5.0, 'center': 0.7762347396598249, 'scale': 0.14401107059225568}",5.0,0.0,0.0,0.0,,0.25,0,1,1,1,1,5,0,1,0,2018-08-04T00:00:00,2018-09-01T00:00:00,4.0,48,"one-to-one temporal matching; earliest active deadline first; [onset, end)","all test alarms unmatched to a new eligible event, including duplicates and carry-in-only alarms",precision/recall/F1 are 0 when their denominator is 0; missing delay is null
2018-09,2018-01-01T00:00:00,2018-08-03T23:55:00,2018-08-04T00:00:00,2018-08-31T23:55:00,2018-09-01T00:00:00,2018-09-30T23:55:00,cusum,3,"{'reference_shift': 0.5, 'decision_limit': 10.0, 'center': 0.7762347396598249, 'scale': 0.14401107059225568}",10.0,0.0,0.0,0.0,,0.5,0,2,1,2,1,5,0,2,0,2018-08-04T00:00:00,2018-09-01T00:00:00,4.0,48,"one-to-one temporal matching; earliest active deadline first; [onset, end)","all test alarms unmatched to a new eligible event, including duplicates and carry-in-only alarms",precision/recall/F1 are 0 when their denominator is 0; missing delay is null
2018-09,2018-01-01T00:00:00,2018-08-03T23:55:00,2018-08-04T00:00:00,2018-08-31T23:55:00,2018-09-01T00:00:00,2018-09-30T23:55:00,lightgbm_compact,0,{'probability_threshold': 0.1},0.1,0.0,0.0,0.0,,0.25,0,1,1,1,1,5,0,1,0,2018-08-04T00:00:00,2018-09-01T00:00:00,4.0,48,"one-to-one temporal matching; earliest active deadline first; [onset, end)","all test alarms unmatched to a new eligible event, including duplicates and carry-in-only alarms",precision/recall/F1 are 0 when their denominator is 0; missing delay is null
2018-09,2018-01-01T00:00:00,2018-08-03T23:55:00,2018-08-04T00:00:00,2018-08-31T23:55:00,2018-09-01T00:00:00,2018-09-30T23:55:00,lightgbm_compact,1,{'probability_threshold': 0.3},0.3,0.0,0.0,0.0,,0.25,0,1,1,1,1,5,0,1,0,2018-08-04T00:00:00,2018-09-01T00:00:00,4.0,48,"one-to-one temporal matching; earliest active deadline first; [onset, end)","all test alarms unmatched to a new eligible event, including duplicates and carry-in-only alarms",precision/recall/F1 are 0 when their denominator is 0; missing delay is null
2018-09,2018-01-01T00:00:00,2018-08-03T23:55:00,2018-08-04T00:00:00,2018-08-31T23:55:00,2018-09-01T00:00:00,2018-09-30T23:55:00,lightgbm_compact,2,{'probability_threshold': 0.5},0.5,0.0,0.0,0.0,,0.25,0,1,1,1,1,5,0,1,0,2018-08-04T00:00:00,2018-09-01T00:00:00,4.0,48,"one-to-one temporal matching; earliest active deadline first; [onset, end)","all test alarms unmatched to a new eligible event, including duplicates and carry-in-only alarms",precision/recall/F1 are 0 when their denominator is 0; missing delay is null
2018-09,2018-01-01T00:00:00,2018-08-03T23:55:00,2018-08-04T00:00:00,2018-08-31T23:55:00,2018-09-01T00:00:00,2018-09-30T23:55:00,lightgbm_compact,3,{'probability_threshold': 0.7},0.7,0.0,0.0,0.0,,0.25,0,1,1,1,1,5,0,1,0,2018-08-04T00:00:00,2018-09-01T00:00:00,4.0,48,"one-to-one temporal matching; earliest active deadline first; [onset, end)","all test alarms unmatched to a new eligible event, including duplicates and carry-in-only alarms",precision/recall/F1 are 0 when their denominator is 0; missing delay is null
2018-09,2018-01-01T00:00:00,2018-08-03T23:55:00,2018-08-04T00:00:00,2018-08-31T23:55:00,2018-09-01T00:00:00,2018-09-30T23:55:00,lightgbm_regression,0,{'rise_quantile': 0.95},7.612583231348241,0.3333333333333333,1.0,0.5,7.083333333333333,0.5,1,2,0,3,1,5,2,0,0,2018-08-04T00:00:00,2018-09-01T00:00:00,4.0,48,"one-to-one temporal matching; earliest active deadline first; [onset, end)","all test alarms unmatched to a new eligible event, including duplicates and carry-in-only alarms",precision/recall/F1 are 0 when their denominator is 0; missing delay is null
2018-09,2018-01-01T00:00:00,2018-08-03T23:55:00,2018-08-04T00:00:00,2018-08-31T23:55:00,2018-09-01T00:00:00,2018-09-30T23:55:00,lightgbm_regression,1,{'rise_quantile': 0.99},27.77744958070759,0.0,0.0,0.0,,0.0,0,0,1,0,1,5,0,0,0,2018-08-04T00:00:00,2018-09-01T00:00:00,4.0,48,"one-to-one temporal matching; earliest active deadline first; [onset, end)","all test alarms unmatched to a new eligible event, including duplicates and carry-in-only alarms",precision/recall/F1 are 0 when their denominator is 0; missing delay is null
2018-09,2018-01-01T00:00:00,2018-08-03T23:55:00,2018-08-04T00:00:00,2018-08-31T23:55:00,2018-09-01T00:00:00,2018-09-30T23:55:00,lightgbm_regression,2,{'rise_quantile': 0.995},29.898860316251373,0.0,0.0,0.0,,0.0,0,0,1,0,1,5,0,0,0,2018-08-04T00:00:00,2018-09-01T00:00:00,4.0,48,"one-to-one temporal matching; earliest active deadline first; [onset, end)","all test alarms unmatched to a new eligible event, including duplicates and carry-in-only alarms",precision/recall/F1 are 0 when their denominator is 0; missing delay is null
2018-10,2018-01-01T00:00:00,2018-09-02T23:55:00,2018-09-03T00:00:00,2018-09-30T23:55:00,2018-10-01T00:00:00,2018-10-31T23:55:00,baseline_original,0,{'quantile': 0.995},1.1946978155933332,0.0,0.0,0.0,,0.0,0,0,0,0,0,4,0,0,0,2018-09-03T00:00:00,2018-10-01T00:00:00,4.0,48,"one-to-one temporal matching; earliest active deadline first; [onset, end)","all test alarms unmatched to a new eligible event, including duplicates and carry-in-only alarms",precision/recall/F1 are 0 when their denominator is 0; missing delay is null
2018-10,2018-01-01T00:00:00,2018-09-02T23:55:00,2018-09-03T00:00:00,2018-09-30T23:55:00,2018-10-01T00:00:00,2018-10-31T23:55:00,baseline_deduplicated,0,{'quantile': 0.995},1.1946978155933332,0.0,0.0,0.0,,0.0,0,0,0,0,0,4,0,0,0,2018-09-03T00:00:00,2018-10-01T00:00:00,4.0,48,"one-to-one temporal matching; earliest active deadline first; [onset, end)","all test alarms unmatched to a new eligible event, including duplicates and carry-in-only alarms",precision/recall/F1 are 0 when their denominator is 0; missing delay is null
2018-10,2018-01-01T00:00:00,2018-09-02T23:55:00,2018-09-03T00:00:00,2018-09-30T23:55:00,2018-10-01T00:00:00,2018-10-31T23:55:00,ewma,0,"{'alpha': 0.02, 'quantile': 0.99}",0.9985062584478365,0.0,0.0,0.0,,1.0,0,4,0,4,0,4,0,4,0,2018-09-03T00:00:00,2018-10-01T00:00:00,4.0,48,"one-to-one temporal matching; earliest active deadline first; [onset, end)","all test alarms unmatched to a new eligible event, including duplicates and carry-in-only alarms",precision/recall/F1 are 0 when their denominator is 0; missing delay is null
2018-10,2018-01-01T00:00:00,2018-09-02T23:55:00,2018-09-03T00:00:00,2018-09-30T23:55:00,2018-10-01T00:00:00,2018-10-31T23:55:00,ewma,1,"{'alpha': 0.02, 'quantile': 0.995}",1.021911720094787,0.0,0.0,0.0,,0.5,0,2,0,2,0,4,0,2,0,2018-09-03T00:00:00,2018-10-01T00:00:00,4.0,48,"one-to-one temporal matching; earliest active deadline first; [onset, end)","all test alarms unmatched to a new eligible event, including duplicates and carry-in-only alarms",precision/recall/F1 are 0 when their denominator is 0; missing delay is null
2018-10,2018-01-01T00:00:00,2018-09-02T23:55:00,2018-09-03T00:00:00,2018-09-30T23:55:00,2018-10-01T00:00:00,2018-10-31T23:55:00,ewma,2,"{'alpha': 0.1, 'quantile': 0.99}",1.0968107192138008,0.0,0.0,0.0,,1.5,0,6,0,6,0,4,0,6,0,2018-09-03T00:00:00,2018-10-01T00:00:00,4.0,48,"one-to-one temporal matching; earliest active deadline first; [onset, end)","all test alarms unmatched to a new eligible event, including duplicates and carry-in-only alarms",precision/recall/F1 are 0 when their denominator is 0; missing delay is null
2018-10,2018-01-01T00:00:00,2018-09-02T23:55:00,2018-09-03T00:00:00,2018-09-30T23:55:00,2018-10-01T00:00:00,2018-10-31T23:55:00,ewma,3,"{'alpha': 0.1, 'quantile': 0.995}",1.1253855330390836,0.0,0.0,0.0,,0.25,0,1,0,1,0,4,0,1,0,2018-09-03T00:00:00,2018-10-01T00:00:00,4.0,48,"one-to-one temporal matching; earliest active deadline first; [onset, end)","all test alarms unmatched to a new eligible event, including duplicates and carry-in-only alarms",precision/recall/F1 are 0 when their denominator is 0; missing delay is null
2018-10,2018-01-01T00:00:00,2018-09-02T23:55:00,2018-09-03T00:00:00,2018-09-30T23:55:00,2018-10-01T00:00:00,2018-10-31T23:55:00,cusum,0,"{'reference_shift': 0.25, 'decision_limit': 5.0, 'center': 0.7751003724882958, 'scale': 0.14325434042519622}",5.0,0.0,0.0,0.0,,0.25,0,1,0,1,0,4,0,1,0,2018-09-03T00:00:00,2018-10-01T00:00:00,4.0,48,"one-to-one temporal matching; earliest active deadline first; [onset, end)","all test alarms unmatched to a new eligible event, including duplicates and carry-in-only alarms",precision/recall/F1 are 0 when their denominator is 0; missing delay is null
2018-10,2018-01-01T00:00:00,2018-09-02T23:55:00,2018-09-03T00:00:00,2018-09-30T23:55:00,2018-10-01T00:00:00,2018-10-31T23:55:00,cusum,1,"{'reference_shift': 0.25, 'decision_limit': 10.0, 'center': 0.7751003724882958, 'scale': 0.14325434042519622}",10.0,0.0,0.0,0.0,,0.25,0,1,0,1,0,4,0,1,0,2018-09-03T00:00:00,2018-10-01T00:00:00,4.0,48,"one-to-one temporal matching; earliest active deadline first; [onset, end)","all test alarms unmatched to a new eligible event, including duplicates and carry-in-only alarms",precision/recall/F1 are 0 when their denominator is 0; missing delay is null
2018-10,2018-01-01T00:00:00,2018-09-02T23:55:00,2018-09-03T00:00:00,2018-09-30T23:55:00,2018-10-01T00:00:00,2018-10-31T23:55:00,cusum,2,"{'reference_shift': 0.5, 'decision_limit': 5.0, 'center': 0.7751003724882958, 'scale': 0.14325434042519622}",5.0,0.0,0.0,0.0,,0.25,0,1,0,1,0,4,0,1,0,2018-09-03T00:00:00,2018-10-01T00:00:00,4.0,48,"one-to-one temporal matching; earliest active deadline first; [onset, end)","all test alarms unmatched to a new eligible event, including duplicates and carry-in-only alarms",precision/recall/F1 are 0 when their denominator is 0; missing delay is null
2018-10,2018-01-01T00:00:00,2018-09-02T23:55:00,2018-09-03T00:00:00,2018-09-30T23:55:00,2018-10-01T00:00:00,2018-10-31T23:55:00,cusum,3,"{'reference_shift': 0.5, 'decision_limit': 10.0, 'center': 0.7751003724882958, 'scale': 0.14325434042519622}",10.0,0.0,0.0,0.0,,0.25,0,1,0,1,0,4,0,1,0,2018-09-03T00:00:00,2018-10-01T00:00:00,4.0,48,"one-to-one temporal matching; earliest active deadline first; [onset, end)","all test alarms unmatched to a new eligible event, including duplicates and carry-in-only alarms",precision/recall/F1 are 0 when their denominator is 0; missing delay is null
2018-10,2018-01-01T00:00:00,2018-09-02T23:55:00,2018-09-03T00:00:00,2018-09-30T23:55:00,2018-10-01T00:00:00,2018-10-31T23:55:00,lightgbm_compact,0,{'probability_threshold': 0.1},0.1,0.0,0.0,0.0,,0.25,0,1,0,1,0,4,0,1,0,2018-09-03T00:00:00,2018-10-01T00:00:00,4.0,48,"one-to-one temporal matching; earliest active deadline first; [onset, end)","all test alarms unmatched to a new eligible event, including duplicates and carry-in-only alarms",precision/recall/F1 are 0 when their denominator is 0; missing delay is null
2018-10,2018-01-01T00:00:00,2018-09-02T23:55:00,2018-09-03T00:00:00,2018-09-30T23:55:00,2018-10-01T00:00:00,2018-10-31T23:55:00,lightgbm_compact,1,{'probability_threshold': 0.3},0.3,0.0,0.0,0.0,,0.25,0,1,0,1,0,4,0,1,0,2018-09-03T00:00:00,2018-10-01T00:00:00,4.0,48,"one-to-one temporal matching; earliest active deadline first; [onset, end)","all test alarms unmatched to a new eligible event, including duplicates and carry-in-only alarms",precision/recall/F1 are 0 when their denominator is 0; missing delay is null
2018-10,2018-01-01T00:00:00,2018-09-02T23:55:00,2018-09-03T00:00:00,2018-09-30T23:55:00,2018-10-01T00:00:00,2018-10-31T23:55:00,lightgbm_compact,2,{'probability_threshold': 0.5},0.5,0.0,0.0,0.0,,0.25,0,1,0,1,0,4,0,1,0,2018-09-03T00:00:00,2018-10-01T00:00:00,4.0,48,"one-to-one temporal matching; earliest active deadline first; [onset, end)","all test alarms unmatched to a new eligible event, including duplicates and carry-in-only alarms",precision/recall/F1 are 0 when their denominator is 0; missing delay is null
2018-10,2018-01-01T00:00:00,2018-09-02T23:55:00,2018-09-03T00:00:00,2018-09-30T23:55:00,2018-10-01T00:00:00,2018-10-31T23:55:00,lightgbm_compact,3,{'probability_threshold': 0.7},0.7,0.0,0.0,0.0,,0.25,0,1,0,1,0,4,0,1,0,2018-09-03T00:00:00,2018-10-01T00:00:00,4.0,48,"one-to-one temporal matching; earliest active deadline first; [onset, end)","all test alarms unmatched to a new eligible event, including duplicates and carry-in-only alarms",precision/recall/F1 are 0 when their denominator is 0; missing delay is null
2018-10,2018-01-01T00:00:00,2018-09-02T23:55:00,2018-09-03T00:00:00,2018-09-30T23:55:00,2018-10-01T00:00:00,2018-10-31T23:55:00,lightgbm_regression,0,{'rise_quantile': 0.95},7.619324251643331,0.0,0.0,0.0,,0.5,0,2,0,2,0,4,0,2,0,2018-09-03T00:00:00,2018-10-01T00:00:00,4.0,48,"one-to-one temporal matching; earliest active deadline first; [onset, end)","all test alarms unmatched to a new eligible event, including duplicates and carry-in-only alarms",precision/recall/F1 are 0 when their denominator is 0; missing delay is null
2018-10,2018-01-01T00:00:00,2018-09-02T23:55:00,2018-09-03T00:00:00,2018-09-30T23:55:00,2018-10-01T00:00:00,2018-10-31T23:55:00,lightgbm_regression,1,{'rise_quantile': 0.99},24.823003223872004,0.0,0.0,0.0,,0.0,0,0,0,0,0,4,0,0,0,2018-09-03T00:00:00,2018-10-01T00:00:00,4.0,48,"one-to-one temporal matching; earliest active deadline first; [onset, end)","all test alarms unmatched to a new eligible event, including duplicates and carry-in-only alarms",precision/recall/F1 are 0 when their denominator is 0; missing delay is null
2018-10,2018-01-01T00:00:00,2018-09-02T23:55:00,2018-09-03T00:00:00,2018-09-30T23:55:00,2018-10-01T00:00:00,2018-10-31T23:55:00,lightgbm_regression,2,{'rise_quantile': 0.995},28.394012742871283,0.0,0.0,0.0,,0.0,0,0,0,0,0,4,0,0,0,2018-09-03T00:00:00,2018-10-01T00:00:00,4.0,48,"one-to-one temporal matching; earliest active deadline first; [onset, end)","all test alarms unmatched to a new eligible event, including duplicates and carry-in-only alarms",precision/recall/F1 are 0 when their denominator is 0; missing delay is null
2018-11,2018-01-01T00:00:00,2018-10-03T23:55:00,2018-10-04T00:00:00,2018-10-31T23:55:00,2018-11-01T00:00:00,2018-11-30T23:55:00,baseline_original,0,{'quantile': 0.995},1.179836473259227,0.3333333333333333,1.0,0.5,4.458333333333334,1.0,2,4,0,6,2,4,4,0,0,2018-10-04T00:00:00,2018-11-01T00:00:00,4.0,48,"one-to-one temporal matching; earliest active deadline first; [onset, end)","all test alarms unmatched to a new eligible event, including duplicates and carry-in-only alarms",precision/recall/F1 are 0 when their denominator is 0; missing delay is null
2018-11,2018-01-01T00:00:00,2018-10-03T23:55:00,2018-10-04T00:00:00,2018-10-31T23:55:00,2018-11-01T00:00:00,2018-11-30T23:55:00,baseline_deduplicated,0,{'quantile': 0.995},1.179836473259227,1.0,1.0,1.0,4.458333333333334,0.0,2,0,0,2,2,4,0,0,0,2018-10-04T00:00:00,2018-11-01T00:00:00,4.0,48,"one-to-one temporal matching; earliest active deadline first; [onset, end)","all test alarms unmatched to a new eligible event, including duplicates and carry-in-only alarms",precision/recall/F1 are 0 when their denominator is 0; missing delay is null
2018-11,2018-01-01T00:00:00,2018-10-03T23:55:00,2018-10-04T00:00:00,2018-10-31T23:55:00,2018-11-01T00:00:00,2018-11-30T23:55:00,ewma,0,"{'alpha': 0.02, 'quantile': 0.99}",0.9876525198635057,1.0,1.0,1.0,0.5833333333333334,0.0,2,0,0,2,2,4,0,0,0,2018-10-04T00:00:00,2018-11-01T00:00:00,4.0,48,"one-to-one temporal matching; earliest active deadline first; [onset, end)","all test alarms unmatched to a new eligible event, including duplicates and carry-in-only alarms",precision/recall/F1 are 0 when their denominator is 0; missing delay is null
2018-11,2018-01-01T00:00:00,2018-10-03T23:55:00,2018-10-04T00:00:00,2018-10-31T23:55:00,2018-11-01T00:00:00,2018-11-30T23:55:00,ewma,1,"{'alpha': 0.02, 'quantile': 0.995}",1.008023920373064,1.0,1.0,1.0,0.625,0.0,2,0,0,2,2,4,0,0,0,2018-10-04T00:00:00,2018-11-01T00:00:00,4.0,48,"one-to-one temporal matching; earliest active deadline first; [onset, end)","all test alarms unmatched to a new eligible event, including duplicates and carry-in-only alarms",precision/recall/F1 are 0 when their denominator is 0; missing delay is null
2018-11,2018-01-01T00:00:00,2018-10-03T23:55:00,2018-10-04T00:00:00,2018-10-31T23:55:00,2018-11-01T00:00:00,2018-11-30T23:55:00,ewma,2,"{'alpha': 0.1, 'quantile': 0.99}",1.0823593665649478,0.6666666666666666,1.0,0.8,0.375,0.25,2,1,0,3,2,4,0,1,0,2018-10-04T00:00:00,2018-11-01T00:00:00,4.0,48,"one-to-one temporal matching; earliest active deadline first; [onset, end)","all test alarms unmatched to a new eligible event, including duplicates and carry-in-only alarms",precision/recall/F1 are 0 when their denominator is 0; missing delay is null
2018-11,2018-01-01T00:00:00,2018-10-03T23:55:00,2018-10-04T00:00:00,2018-10-31T23:55:00,2018-11-01T00:00:00,2018-11-30T23:55:00,ewma,3,"{'alpha': 0.1, 'quantile': 0.995}",1.1094105698324381,1.0,1.0,1.0,0.375,0.0,2,0,0,2,2,4,0,0,0,2018-10-04T00:00:00,2018-11-01T00:00:00,4.0,48,"one-to-one temporal matching; earliest active deadline first; [onset, end)","all test alarms unmatched to a new eligible event, including duplicates and carry-in-only alarms",precision/recall/F1 are 0 when their denominator is 0; missing delay is null
2018-11,2018-01-01T00:00:00,2018-10-03T23:55:00,2018-10-04T00:00:00,2018-10-31T23:55:00,2018-11-01T00:00:00,2018-11-30T23:55:00,cusum,0,"{'reference_shift': 0.25, 'decision_limit': 5.0, 'center': 0.77504645925769, 'scale': 0.14162976377409175}",5.0,0.0,0.0,0.0,,0.25,0,1,2,1,2,4,0,1,0,2018-10-04T00:00:00,2018-11-01T00:00:00,4.0,48,"one-to-one temporal matching; earliest active deadline first; [onset, end)","all test alarms unmatched to a new eligible event, including duplicates and carry-in-only alarms",precision/recall/F1 are 0 when their denominator is 0; missing delay is null
2018-11,2018-01-01T00:00:00,2018-10-03T23:55:00,2018-10-04T00:00:00,2018-10-31T23:55:00,2018-11-01T00:00:00,2018-11-30T23:55:00,cusum,1,"{'reference_shift': 0.25, 'decision_limit': 10.0, 'center': 0.77504645925769, 'scale': 0.14162976377409175}",10.0,0.0,0.0,0.0,,0.25,0,1,2,1,2,4,0,1,0,2018-10-04T00:00:00,2018-11-01T00:00:00,4.0,48,"one-to-one temporal matching; earliest active deadline first; [onset, end)","all test alarms unmatched to a new eligible event, including duplicates and carry-in-only alarms",precision/recall/F1 are 0 when their denominator is 0; missing delay is null
2018-11,2018-01-01T00:00:00,2018-10-03T23:55:00,2018-10-04T00:00:00,2018-10-31T23:55:00,2018-11-01T00:00:00,2018-11-30T23:55:00,cusum,2,"{'reference_shift': 0.5, 'decision_limit': 5.0, 'center': 0.77504645925769, 'scale': 0.14162976377409175}",5.0,0.0,0.0,0.0,,0.25,0,1,2,1,2,4,0,1,0,2018-10-04T00:00:00,2018-11-01T00:00:00,4.0,48,"one-to-one temporal matching; earliest active deadline first; [onset, end)","all test alarms unmatched to a new eligible event, including duplicates and carry-in-only alarms",precision/recall/F1 are 0 when their denominator is 0; missing delay is null
2018-11,2018-01-01T00:00:00,2018-10-03T23:55:00,2018-10-04T00:00:00,2018-10-31T23:55:00,2018-11-01T00:00:00,2018-11-30T23:55:00,cusum,3,"{'reference_shift': 0.5, 'decision_limit': 10.0, 'center': 0.77504645925769, 'scale': 0.14162976377409175}",10.0,0.0,0.0,0.0,,0.25,0,1,2,1,2,4,0,1,0,2018-10-04T00:00:00,2018-11-01T00:00:00,4.0,48,"one-to-one temporal matching; earliest active deadline first; [onset, end)","all test alarms unmatched to a new eligible event, including duplicates and carry-in-only alarms",precision/recall/F1 are 0 when their denominator is 0; missing delay is null
2018-11,2018-01-01T00:00:00,2018-10-03T23:55:00,2018-10-04T00:00:00,2018-10-31T23:55:00,2018-11-01T00:00:00,2018-11-30T23:55:00,lightgbm_compact,0,{'probability_threshold': 0.1},0.1,0.0,0.0,0.0,,0.25,0,1,2,1,2,4,0,1,0,2018-10-04T00:00:00,2018-11-01T00:00:00,4.0,48,"one-to-one temporal matching; earliest active deadline first; [onset, end)","all test alarms unmatched to a new eligible event, including duplicates and carry-in-only alarms",precision/recall/F1 are 0 when their denominator is 0; missing delay is null
2018-11,2018-01-01T00:00:00,2018-10-03T23:55:00,2018-10-04T00:00:00,2018-10-31T23:55:00,2018-11-01T00:00:00,2018-11-30T23:55:00,lightgbm_compact,1,{'probability_threshold': 0.3},0.3,0.0,0.0,0.0,,0.25,0,1,2,1,2,4,0,1,0,2018-10-04T00:00:00,2018-11-01T00:00:00,4.0,48,"one-to-one temporal matching; earliest active deadline first; [onset, end)","all test alarms unmatched to a new eligible event, including duplicates and carry-in-only alarms",precision/recall/F1 are 0 when their denominator is 0; missing delay is null
2018-11,2018-01-01T00:00:00,2018-10-03T23:55:00,2018-10-04T00:00:00,2018-10-31T23:55:00,2018-11-01T00:00:00,2018-11-30T23:55:00,lightgbm_compact,2,{'probability_threshold': 0.5},0.5,0.0,0.0,0.0,,0.25,0,1,2,1,2,4,0,1,0,2018-10-04T00:00:00,2018-11-01T00:00:00,4.0,48,"one-to-one temporal matching; earliest active deadline first; [onset, end)","all test alarms unmatched to a new eligible event, including duplicates and carry-in-only alarms",precision/recall/F1 are 0 when their denominator is 0; missing delay is null
2018-11,2018-01-01T00:00:00,2018-10-03T23:55:00,2018-10-04T00:00:00,2018-10-31T23:55:00,2018-11-01T00:00:00,2018-11-30T23:55:00,lightgbm_compact,3,{'probability_threshold': 0.7},0.7,0.0,0.0,0.0,,0.25,0,1,2,1,2,4,0,1,0,2018-10-04T00:00:00,2018-11-01T00:00:00,4.0,48,"one-to-one temporal matching; earliest active deadline first; [onset, end)","all test alarms unmatched to a new eligible event, including duplicates and carry-in-only alarms",precision/recall/F1 are 0 when their denominator is 0; missing delay is null
2018-11,2018-01-01T00:00:00,2018-10-03T23:55:00,2018-10-04T00:00:00,2018-10-31T23:55:00,2018-11-01T00:00:00,2018-11-30T23:55:00,lightgbm_regression,0,{'rise_quantile': 0.95},7.541772883753101,0.6666666666666666,1.0,0.8,3.75,0.25,2,1,0,3,2,4,1,0,0,2018-10-04T00:00:00,2018-11-01T00:00:00,4.0,48,"one-to-one temporal matching; earliest active deadline first; [onset, end)","all test alarms unmatched to a new eligible event, including duplicates and carry-in-only alarms",precision/recall/F1 are 0 when their denominator is 0; missing delay is null
2018-11,2018-01-01T00:00:00,2018-10-03T23:55:00,2018-10-04T00:00:00,2018-10-31T23:55:00,2018-11-01T00:00:00,2018-11-30T23:55:00,lightgbm_regression,1,{'rise_quantile': 0.99},24.736003394923955,0.0,0.0,0.0,,0.0,0,0,2,0,2,4,0,0,0,2018-10-04T00:00:00,2018-11-01T00:00:00,4.0,48,"one-to-one temporal matching; earliest active deadline first; [onset, end)","all test alarms unmatched to a new eligible event, including duplicates and carry-in-only alarms",precision/recall/F1 are 0 when their denominator is 0; missing delay is null
2018-11,2018-01-01T00:00:00,2018-10-03T23:55:00,2018-10-04T00:00:00,2018-10-31T23:55:00,2018-11-01T00:00:00,2018-11-30T23:55:00,lightgbm_regression,2,{'rise_quantile': 0.995},27.983336947657207,0.0,0.0,0.0,,0.0,0,0,2,0,2,4,0,0,0,2018-10-04T00:00:00,2018-11-01T00:00:00,4.0,48,"one-to-one temporal matching; earliest active deadline first; [onset, end)","all test alarms unmatched to a new eligible event, including duplicates and carry-in-only alarms",precision/recall/F1 are 0 when their denominator is 0; missing delay is null
2018-12,2018-01-01T00:00:00,2018-11-02T23:55:00,2018-11-03T00:00:00,2018-11-30T23:55:00,2018-12-01T00:00:00,2018-12-31T23:55:00,baseline_original,0,{'quantile': 0.995},1.1882130716255126,0.0,0.0,0.0,,0.25,0,1,0,1,0,5,0,1,0,2018-11-03T00:00:00,2018-12-01T00:00:00,4.0,48,"one-to-one temporal matching; earliest active deadline first; [onset, end)","all test alarms unmatched to a new eligible event, including duplicates and carry-in-only alarms",precision/recall/F1 are 0 when their denominator is 0; missing delay is null
2018-12,2018-01-01T00:00:00,2018-11-02T23:55:00,2018-11-03T00:00:00,2018-11-30T23:55:00,2018-12-01T00:00:00,2018-12-31T23:55:00,baseline_deduplicated,0,{'quantile': 0.995},1.1882130716255126,0.0,0.0,0.0,,0.25,0,1,0,1,0,5,0,1,0,2018-11-03T00:00:00,2018-12-01T00:00:00,4.0,48,"one-to-one temporal matching; earliest active deadline first; [onset, end)","all test alarms unmatched to a new eligible event, including duplicates and carry-in-only alarms",precision/recall/F1 are 0 when their denominator is 0; missing delay is null
2018-12,2018-01-01T00:00:00,2018-11-02T23:55:00,2018-11-03T00:00:00,2018-11-30T23:55:00,2018-12-01T00:00:00,2018-12-31T23:55:00,ewma,0,"{'alpha': 0.02, 'quantile': 0.99}",0.9951487160093628,0.0,0.0,0.0,,0.75,0,3,0,3,0,5,0,3,0,2018-11-03T00:00:00,2018-12-01T00:00:00,4.0,48,"one-to-one temporal matching; earliest active deadline first; [onset, end)","all test alarms unmatched to a new eligible event, including duplicates and carry-in-only alarms",precision/recall/F1 are 0 when their denominator is 0; missing delay is null
2018-12,2018-01-01T00:00:00,2018-11-02T23:55:00,2018-11-03T00:00:00,2018-11-30T23:55:00,2018-12-01T00:00:00,2018-12-31T23:55:00,ewma,1,"{'alpha': 0.02, 'quantile': 0.995}",1.0297441686694349,0.0,0.0,0.0,,0.25,0,1,0,1,0,5,0,1,0,2018-11-03T00:00:00,2018-12-01T00:00:00,4.0,48,"one-to-one temporal matching; earliest active deadline first; [onset, end)","all test alarms unmatched to a new eligible event, including duplicates and carry-in-only alarms",precision/recall/F1 are 0 when their denominator is 0; missing delay is null
2018-12,2018-01-01T00:00:00,2018-11-02T23:55:00,2018-11-03T00:00:00,2018-11-30T23:55:00,2018-12-01T00:00:00,2018-12-31T23:55:00,ewma,2,"{'alpha': 0.1, 'quantile': 0.99}",1.0905343268998042,0.0,0.0,0.0,,0.5,0,2,0,2,0,5,0,2,0,2018-11-03T00:00:00,2018-12-01T00:00:00,4.0,48,"one-to-one temporal matching; earliest active deadline first; [onset, end)","all test alarms unmatched to a new eligible event, including duplicates and carry-in-only alarms",precision/recall/F1 are 0 when their denominator is 0; missing delay is null
2018-12,2018-01-01T00:00:00,2018-11-02T23:55:00,2018-11-03T00:00:00,2018-11-30T23:55:00,2018-12-01T00:00:00,2018-12-31T23:55:00,ewma,3,"{'alpha': 0.1, 'quantile': 0.995}",1.1349232554042252,0.0,0.0,0.0,,0.25,0,1,0,1,0,5,0,1,0,2018-11-03T00:00:00,2018-12-01T00:00:00,4.0,48,"one-to-one temporal matching; earliest active deadline first; [onset, end)","all test alarms unmatched to a new eligible event, including duplicates and carry-in-only alarms",precision/recall/F1 are 0 when their denominator is 0; missing delay is null
2018-12,2018-01-01T00:00:00,2018-11-02T23:55:00,2018-11-03T00:00:00,2018-11-30T23:55:00,2018-12-01T00:00:00,2018-12-31T23:55:00,cusum,0,"{'reference_shift': 0.25, 'decision_limit': 5.0, 'center': 0.7724677618643113, 'scale': 0.13868027587341716}",5.0,0.0,0.0,0.0,,0.25,0,1,0,1,0,5,0,1,0,2018-11-03T00:00:00,2018-12-01T00:00:00,4.0,48,"one-to-one temporal matching; earliest active deadline first; [onset, end)","all test alarms unmatched to a new eligible event, including duplicates and carry-in-only alarms",precision/recall/F1 are 0 when their denominator is 0; missing delay is null
2018-12,2018-01-01T00:00:00,2018-11-02T23:55:00,2018-11-03T00:00:00,2018-11-30T23:55:00,2018-12-01T00:00:00,2018-12-31T23:55:00,cusum,1,"{'reference_shift': 0.25, 'decision_limit': 10.0, 'center': 0.7724677618643113, 'scale': 0.13868027587341716}",10.0,0.0,0.0,0.0,,0.25,0,1,0,1,0,5,0,1,0,2018-11-03T00:00:00,2018-12-01T00:00:00,4.0,48,"one-to-one temporal matching; earliest active deadline first; [onset, end)","all test alarms unmatched to a new eligible event, including duplicates and carry-in-only alarms",precision/recall/F1 are 0 when their denominator is 0; missing delay is null
2018-12,2018-01-01T00:00:00,2018-11-02T23:55:00,2018-11-03T00:00:00,2018-11-30T23:55:00,2018-12-01T00:00:00,2018-12-31T23:55:00,cusum,2,"{'reference_shift': 0.5, 'decision_limit': 5.0, 'center': 0.7724677618643113, 'scale': 0.13868027587341716}",5.0,0.0,0.0,0.0,,0.25,0,1,0,1,0,5,0,1,0,2018-11-03T00:00:00,2018-12-01T00:00:00,4.0,48,"one-to-one temporal matching; earliest active deadline first; [onset, end)","all test alarms unmatched to a new eligible event, including duplicates and carry-in-only alarms",precision/recall/F1 are 0 when their denominator is 0; missing delay is null
2018-12,2018-01-01T00:00:00,2018-11-02T23:55:00,2018-11-03T00:00:00,2018-11-30T23:55:00,2018-12-01T00:00:00,2018-12-31T23:55:00,cusum,3,"{'reference_shift': 0.5, 'decision_limit': 10.0, 'center': 0.7724677618643113, 'scale': 0.13868027587341716}",10.0,0.0,0.0,0.0,,0.25,0,1,0,1,0,5,0,1,0,2018-11-03T00:00:00,2018-12-01T00:00:00,4.0,48,"one-to-one temporal matching; earliest active deadline first; [onset, end)","all test alarms unmatched to a new eligible event, including duplicates and carry-in-only alarms",precision/recall/F1 are 0 when their denominator is 0; missing delay is null
2018-12,2018-01-01T00:00:00,2018-11-02T23:55:00,2018-11-03T00:00:00,2018-11-30T23:55:00,2018-12-01T00:00:00,2018-12-31T23:55:00,lightgbm_compact,0,{'probability_threshold': 0.1},0.1,0.0,0.0,0.0,,0.25,0,1,0,1,0,5,0,1,0,2018-11-03T00:00:00,2018-12-01T00:00:00,4.0,48,"one-to-one temporal matching; earliest active deadline first; [onset, end)","all test alarms unmatched to a new eligible event, including duplicates and carry-in-only alarms",precision/recall/F1 are 0 when their denominator is 0; missing delay is null
2018-12,2018-01-01T00:00:00,2018-11-02T23:55:00,2018-11-03T00:00:00,2018-11-30T23:55:00,2018-12-01T00:00:00,2018-12-31T23:55:00,lightgbm_compact,1,{'probability_threshold': 0.3},0.3,0.0,0.0,0.0,,0.25,0,1,0,1,0,5,0,1,0,2018-11-03T00:00:00,2018-12-01T00:00:00,4.0,48,"one-to-one temporal matching; earliest active deadline first; [onset, end)","all test alarms unmatched to a new eligible event, including duplicates and carry-in-only alarms",precision/recall/F1 are 0 when their denominator is 0; missing delay is null
2018-12,2018-01-01T00:00:00,2018-11-02T23:55:00,2018-11-03T00:00:00,2018-11-30T23:55:00,2018-12-01T00:00:00,2018-12-31T23:55:00,lightgbm_compact,2,{'probability_threshold': 0.5},0.5,0.0,0.0,0.0,,0.25,0,1,0,1,0,5,0,1,0,2018-11-03T00:00:00,2018-12-01T00:00:00,4.0,48,"one-to-one temporal matching; earliest active deadline first; [onset, end)","all test alarms unmatched to a new eligible event, including duplicates and carry-in-only alarms",precision/recall/F1 are 0 when their denominator is 0; missing delay is null
2018-12,2018-01-01T00:00:00,2018-11-02T23:55:00,2018-11-03T00:00:00,2018-11-30T23:55:00,2018-12-01T00:00:00,2018-12-31T23:55:00,lightgbm_compact,3,{'probability_threshold': 0.7},0.7,0.0,0.0,0.0,,0.25,0,1,0,1,0,5,0,1,0,2018-11-03T00:00:00,2018-12-01T00:00:00,4.0,48,"one-to-one temporal matching; earliest active deadline first; [onset, end)","all test alarms unmatched to a new eligible event, including duplicates and carry-in-only alarms",precision/recall/F1 are 0 when their denominator is 0; missing delay is null
2018-12,2018-01-01T00:00:00,2018-11-02T23:55:00,2018-11-03T00:00:00,2018-11-30T23:55:00,2018-12-01T00:00:00,2018-12-31T23:55:00,lightgbm_regression,0,{'rise_quantile': 0.95},8.934973343362524,0.0,0.0,0.0,,0.0,0,0,0,0,0,5,0,0,0,2018-11-03T00:00:00,2018-12-01T00:00:00,4.0,48,"one-to-one temporal matching; earliest active deadline first; [onset, end)","all test alarms unmatched to a new eligible event, including duplicates and carry-in-only alarms",precision/recall/F1 are 0 when their denominator is 0; missing delay is null
2018-12,2018-01-01T00:00:00,2018-11-02T23:55:00,2018-11-03T00:00:00,2018-11-30T23:55:00,2018-12-01T00:00:00,2018-12-31T23:55:00,lightgbm_regression,1,{'rise_quantile': 0.99},24.54736247926465,0.0,0.0,0.0,,0.0,0,0,0,0,0,5,0,0,0,2018-11-03T00:00:00,2018-12-01T00:00:00,4.0,48,"one-to-one temporal matching; earliest active deadline first; [onset, end)","all test alarms unmatched to a new eligible event, including duplicates and carry-in-only alarms",precision/recall/F1 are 0 when their denominator is 0; missing delay is null
2018-12,2018-01-01T00:00:00,2018-11-02T23:55:00,2018-11-03T00:00:00,2018-11-30T23:55:00,2018-12-01T00:00:00,2018-12-31T23:55:00,lightgbm_regression,2,{'rise_quantile': 0.995},27.30216570585343,0.0,0.0,0.0,,0.0,0,0,0,0,0,5,0,0,0,2018-11-03T00:00:00,2018-12-01T00:00:00,4.0,48,"one-to-one temporal matching; earliest active deadline first; [onset, end)","all test alarms unmatched to a new eligible event, including duplicates and carry-in-only alarms",precision/recall/F1 are 0 when their denominator is 0; missing delay is null
