fold,model,event_id,pipe,start,end,status,left_censored,right_censored_at_test_end,alarm_id,delay_hours,detection_window_truncated
2018-05,baseline_original,p257-2018-01-09T00:30:00,p257,2018-01-09T00:30:00,2019-01-01T00:00:00,excluded_carry_in,False,True,,,False
2018-05,baseline_original,p427-2018-02-16T04:15:00,p427,2018-02-16T04:15:00,2019-01-01T00:00:00,excluded_carry_in,False,True,,,False
2018-05,baseline_original,p628-2018-05-02T18:50:00,p628,2018-05-02T18:50:00,2018-05-29T21:25:00,missed,False,False,,,False
2018-05,baseline_original,p538-2018-05-18T08:35:00,p538,2018-05-18T08:35:00,2018-06-02T06:10:00,missed,False,True,,,False
2018-05,baseline_deduplicated,p257-2018-01-09T00:30:00,p257,2018-01-09T00:30:00,2019-01-01T00:00:00,excluded_carry_in,False,True,,,False
2018-05,baseline_deduplicated,p427-2018-02-16T04:15:00,p427,2018-02-16T04:15:00,2019-01-01T00:00:00,excluded_carry_in,False,True,,,False
2018-05,baseline_deduplicated,p628-2018-05-02T18:50:00,p628,2018-05-02T18:50:00,2018-05-29T21:25:00,missed,False,False,,,False
2018-05,baseline_deduplicated,p538-2018-05-18T08:35:00,p538,2018-05-18T08:35:00,2018-06-02T06:10:00,missed,False,True,,,False
2018-05,ewma,p257-2018-01-09T00:30:00,p257,2018-01-09T00:30:00,2019-01-01T00:00:00,excluded_carry_in,False,True,,,False
2018-05,ewma,p427-2018-02-16T04:15:00,p427,2018-02-16T04:15:00,2019-01-01T00:00:00,excluded_carry_in,False,True,,,False
2018-05,ewma,p628-2018-05-02T18:50:00,p628,2018-05-02T18:50:00,2018-05-29T21:25:00,detected,False,False,ewma-58e9ccb89855,18.583333333333332,False
2018-05,ewma,p538-2018-05-18T08:35:00,p538,2018-05-18T08:35:00,2018-06-02T06:10:00,missed,False,True,,,False
2018-05,cusum,p257-2018-01-09T00:30:00,p257,2018-01-09T00:30:00,2019-01-01T00:00:00,excluded_carry_in,False,True,,,False
2018-05,cusum,p427-2018-02-16T04:15:00,p427,2018-02-16T04:15:00,2019-01-01T00:00:00,excluded_carry_in,False,True,,,False
2018-05,cusum,p628-2018-05-02T18:50:00,p628,2018-05-02T18:50:00,2018-05-29T21:25:00,missed,False,False,,,False
2018-05,cusum,p538-2018-05-18T08:35:00,p538,2018-05-18T08:35:00,2018-06-02T06:10:00,missed,False,True,,,False
2018-05,lightgbm_compact,p257-2018-01-09T00:30:00,p257,2018-01-09T00:30:00,2019-01-01T00:00:00,excluded_carry_in,False,True,,,False
2018-05,lightgbm_compact,p427-2018-02-16T04:15:00,p427,2018-02-16T04:15:00,2019-01-01T00:00:00,excluded_carry_in,False,True,,,False
2018-05,lightgbm_compact,p628-2018-05-02T18:50:00,p628,2018-05-02T18:50:00,2018-05-29T21:25:00,missed,False,False,,,False
2018-05,lightgbm_compact,p538-2018-05-18T08:35:00,p538,2018-05-18T08:35:00,2018-06-02T06:10:00,missed,False,True,,,False
2018-05,lightgbm_regression,p257-2018-01-09T00:30:00,p257,2018-01-09T00:30:00,2019-01-01T00:00:00,excluded_carry_in,False,True,,,False
2018-05,lightgbm_regression,p427-2018-02-16T04:15:00,p427,2018-02-16T04:15:00,2019-01-01T00:00:00,excluded_carry_in,False,True,,,False
2018-05,lightgbm_regression,p628-2018-05-02T18:50:00,p628,2018-05-02T18:50:00,2018-05-29T21:25:00,missed,False,False,,,False
2018-05,lightgbm_regression,p538-2018-05-18T08:35:00,p538,2018-05-18T08:35:00,2018-06-02T06:10:00,missed,False,True,,,False
2018-06,baseline_original,p257-2018-01-09T00:30:00,p257,2018-01-09T00:30:00,2019-01-01T00:00:00,excluded_carry_in,False,True,,,False
2018-06,baseline_original,p427-2018-02-16T04:15:00,p427,2018-02-16T04:15:00,2019-01-01T00:00:00,excluded_carry_in,False,True,,,False
2018-06,baseline_original,p538-2018-05-18T08:35:00,p538,2018-05-18T08:35:00,2018-06-02T06:10:00,excluded_carry_in,False,False,,,False
2018-06,baseline_original,p866-2018-06-01T09:05:00,p866,2018-06-01T09:05:00,2018-06-12T03:05:00,missed,False,False,,,False
2018-06,baseline_original,p31-2018-06-29T01:35:00,p31,2018-06-29T01:35:00,2018-08-12T17:35:00,missed,False,True,,,True
2018-06,baseline_deduplicated,p257-2018-01-09T00:30:00,p257,2018-01-09T00:30:00,2019-01-01T00:00:00,excluded_carry_in,False,True,,,False
2018-06,baseline_deduplicated,p427-2018-02-16T04:15:00,p427,2018-02-16T04:15:00,2019-01-01T00:00:00,excluded_carry_in,False,True,,,False
2018-06,baseline_deduplicated,p538-2018-05-18T08:35:00,p538,2018-05-18T08:35:00,2018-06-02T06:10:00,excluded_carry_in,False,False,,,False
2018-06,baseline_deduplicated,p866-2018-06-01T09:05:00,p866,2018-06-01T09:05:00,2018-06-12T03:05:00,missed,False,False,,,False
2018-06,baseline_deduplicated,p31-2018-06-29T01:35:00,p31,2018-06-29T01:35:00,2018-08-12T17:35:00,missed,False,True,,,True
2018-06,ewma,p257-2018-01-09T00:30:00,p257,2018-01-09T00:30:00,2019-01-01T00:00:00,excluded_carry_in,False,True,,,False
2018-06,ewma,p427-2018-02-16T04:15:00,p427,2018-02-16T04:15:00,2019-01-01T00:00:00,excluded_carry_in,False,True,,,False
2018-06,ewma,p538-2018-05-18T08:35:00,p538,2018-05-18T08:35:00,2018-06-02T06:10:00,excluded_carry_in,False,False,,,False
2018-06,ewma,p866-2018-06-01T09:05:00,p866,2018-06-01T09:05:00,2018-06-12T03:05:00,missed,False,False,,,False
2018-06,ewma,p31-2018-06-29T01:35:00,p31,2018-06-29T01:35:00,2018-08-12T17:35:00,missed,False,True,,,True
2018-06,cusum,p257-2018-01-09T00:30:00,p257,2018-01-09T00:30:00,2019-01-01T00:00:00,excluded_carry_in,False,True,,,False
2018-06,cusum,p427-2018-02-16T04:15:00,p427,2018-02-16T04:15:00,2019-01-01T00:00:00,excluded_carry_in,False,True,,,False
2018-06,cusum,p538-2018-05-18T08:35:00,p538,2018-05-18T08:35:00,2018-06-02T06:10:00,excluded_carry_in,False,False,,,False
2018-06,cusum,p866-2018-06-01T09:05:00,p866,2018-06-01T09:05:00,2018-06-12T03:05:00,missed,False,False,,,False
2018-06,cusum,p31-2018-06-29T01:35:00,p31,2018-06-29T01:35:00,2018-08-12T17:35:00,missed,False,True,,,True
2018-06,lightgbm_compact,p257-2018-01-09T00:30:00,p257,2018-01-09T00:30:00,2019-01-01T00:00:00,excluded_carry_in,False,True,,,False
2018-06,lightgbm_compact,p427-2018-02-16T04:15:00,p427,2018-02-16T04:15:00,2019-01-01T00:00:00,excluded_carry_in,False,True,,,False
2018-06,lightgbm_compact,p538-2018-05-18T08:35:00,p538,2018-05-18T08:35:00,2018-06-02T06:10:00,excluded_carry_in,False,False,,,False
2018-06,lightgbm_compact,p866-2018-06-01T09:05:00,p866,2018-06-01T09:05:00,2018-06-12T03:05:00,missed,False,False,,,False
2018-06,lightgbm_compact,p31-2018-06-29T01:35:00,p31,2018-06-29T01:35:00,2018-08-12T17:35:00,missed,False,True,,,True
2018-06,lightgbm_regression,p257-2018-01-09T00:30:00,p257,2018-01-09T00:30:00,2019-01-01T00:00:00,excluded_carry_in,False,True,,,False
2018-06,lightgbm_regression,p427-2018-02-16T04:15:00,p427,2018-02-16T04:15:00,2019-01-01T00:00:00,excluded_carry_in,False,True,,,False
2018-06,lightgbm_regression,p538-2018-05-18T08:35:00,p538,2018-05-18T08:35:00,2018-06-02T06:10:00,excluded_carry_in,False,False,,,False
2018-06,lightgbm_regression,p866-2018-06-01T09:05:00,p866,2018-06-01T09:05:00,2018-06-12T03:05:00,missed,False,False,,,False
2018-06,lightgbm_regression,p31-2018-06-29T01:35:00,p31,2018-06-29T01:35:00,2018-08-12T17:35:00,missed,False,True,,,True
2018-07,baseline_original,p257-2018-01-09T00:30:00,p257,2018-01-09T00:30:00,2019-01-01T00:00:00,excluded_carry_in,False,True,,,False
2018-07,baseline_original,p427-2018-02-16T04:15:00,p427,2018-02-16T04:15:00,2019-01-01T00:00:00,excluded_carry_in,False,True,,,False
2018-07,baseline_original,p31-2018-06-29T01:35:00,p31,2018-06-29T01:35:00,2018-08-12T17:35:00,excluded_carry_in,False,True,,,False
2018-07,baseline_original,p654-2018-07-07T09:10:00,p654,2018-07-07T09:10:00,2019-01-01T00:00:00,missed,False,True,,,False
2018-07,baseline_original,p810-2018-07-30T18:40:00,p810,2018-07-30T18:40:00,2019-01-01T00:00:00,detected,False,True,baseline_original-5f3f5e6aa2e0,15.666666666666666,True
2018-07,baseline_deduplicated,p257-2018-01-09T00:30:00,p257,2018-01-09T00:30:00,2019-01-01T00:00:00,excluded_carry_in,False,True,,,False
2018-07,baseline_deduplicated,p427-2018-02-16T04:15:00,p427,2018-02-16T04:15:00,2019-01-01T00:00:00,excluded_carry_in,False,True,,,False
2018-07,baseline_deduplicated,p31-2018-06-29T01:35:00,p31,2018-06-29T01:35:00,2018-08-12T17:35:00,excluded_carry_in,False,True,,,False
2018-07,baseline_deduplicated,p654-2018-07-07T09:10:00,p654,2018-07-07T09:10:00,2019-01-01T00:00:00,missed,False,True,,,False
2018-07,baseline_deduplicated,p810-2018-07-30T18:40:00,p810,2018-07-30T18:40:00,2019-01-01T00:00:00,detected,False,True,baseline_deduplicated-5f3f5e6aa2e0,15.666666666666666,True
2018-07,ewma,p257-2018-01-09T00:30:00,p257,2018-01-09T00:30:00,2019-01-01T00:00:00,excluded_carry_in,False,True,,,False
2018-07,ewma,p427-2018-02-16T04:15:00,p427,2018-02-16T04:15:00,2019-01-01T00:00:00,excluded_carry_in,False,True,,,False
2018-07,ewma,p31-2018-06-29T01:35:00,p31,2018-06-29T01:35:00,2018-08-12T17:35:00,excluded_carry_in,False,True,,,False
2018-07,ewma,p654-2018-07-07T09:10:00,p654,2018-07-07T09:10:00,2019-01-01T00:00:00,missed,False,True,,,False
2018-07,ewma,p810-2018-07-30T18:40:00,p810,2018-07-30T18:40:00,2019-01-01T00:00:00,missed,False,True,,,True
2018-07,cusum,p257-2018-01-09T00:30:00,p257,2018-01-09T00:30:00,2019-01-01T00:00:00,excluded_carry_in,False,True,,,False
2018-07,cusum,p427-2018-02-16T04:15:00,p427,2018-02-16T04:15:00,2019-01-01T00:00:00,excluded_carry_in,False,True,,,False
2018-07,cusum,p31-2018-06-29T01:35:00,p31,2018-06-29T01:35:00,2018-08-12T17:35:00,excluded_carry_in,False,True,,,False
2018-07,cusum,p654-2018-07-07T09:10:00,p654,2018-07-07T09:10:00,2019-01-01T00:00:00,missed,False,True,,,False
2018-07,cusum,p810-2018-07-30T18:40:00,p810,2018-07-30T18:40:00,2019-01-01T00:00:00,missed,False,True,,,True
2018-07,lightgbm_compact,p257-2018-01-09T00:30:00,p257,2018-01-09T00:30:00,2019-01-01T00:00:00,excluded_carry_in,False,True,,,False
2018-07,lightgbm_compact,p427-2018-02-16T04:15:00,p427,2018-02-16T04:15:00,2019-01-01T00:00:00,excluded_carry_in,False,True,,,False
2018-07,lightgbm_compact,p31-2018-06-29T01:35:00,p31,2018-06-29T01:35:00,2018-08-12T17:35:00,excluded_carry_in,False,True,,,False
2018-07,lightgbm_compact,p654-2018-07-07T09:10:00,p654,2018-07-07T09:10:00,2019-01-01T00:00:00,missed,False,True,,,False
2018-07,lightgbm_compact,p810-2018-07-30T18:40:00,p810,2018-07-30T18:40:00,2019-01-01T00:00:00,missed,False,True,,,True
2018-07,lightgbm_regression,p257-2018-01-09T00:30:00,p257,2018-01-09T00:30:00,2019-01-01T00:00:00,excluded_carry_in,False,True,,,False
2018-07,lightgbm_regression,p427-2018-02-16T04:15:00,p427,2018-02-16T04:15:00,2019-01-01T00:00:00,excluded_carry_in,False,True,,,False
2018-07,lightgbm_regression,p31-2018-06-29T01:35:00,p31,2018-06-29T01:35:00,2018-08-12T17:35:00,excluded_carry_in,False,True,,,False
2018-07,lightgbm_regression,p654-2018-07-07T09:10:00,p654,2018-07-07T09:10:00,2019-01-01T00:00:00,missed,False,True,,,False
2018-07,lightgbm_regression,p810-2018-07-30T18:40:00,p810,2018-07-30T18:40:00,2019-01-01T00:00:00,missed,False,True,,,True
2018-08,baseline_original,p257-2018-01-09T00:30:00,p257,2018-01-09T00:30:00,2019-01-01T00:00:00,excluded_carry_in,False,True,,,False
2018-08,baseline_original,p427-2018-02-16T04:15:00,p427,2018-02-16T04:15:00,2019-01-01T00:00:00,excluded_carry_in,False,True,,,False
2018-08,baseline_original,p31-2018-06-29T01:35:00,p31,2018-06-29T01:35:00,2018-08-12T17:35:00,excluded_carry_in,False,False,,,False
2018-08,baseline_original,p654-2018-07-07T09:10:00,p654,2018-07-07T09:10:00,2019-01-01T00:00:00,excluded_carry_in,False,True,,,False
2018-08,baseline_original,p810-2018-07-30T18:40:00,p810,2018-07-30T18:40:00,2019-01-01T00:00:00,excluded_carry_in,False,True,,,False
2018-08,baseline_original,p183-2018-08-07T02:35:00,p183,2018-08-07T02:35:00,2018-09-01T17:15:00,detected,False,True,baseline_original-2467aeae5db9,3.25,False
2018-08,baseline_deduplicated,p257-2018-01-09T00:30:00,p257,2018-01-09T00:30:00,2019-01-01T00:00:00,excluded_carry_in,False,True,,,False
2018-08,baseline_deduplicated,p427-2018-02-16T04:15:00,p427,2018-02-16T04:15:00,2019-01-01T00:00:00,excluded_carry_in,False,True,,,False
2018-08,baseline_deduplicated,p31-2018-06-29T01:35:00,p31,2018-06-29T01:35:00,2018-08-12T17:35:00,excluded_carry_in,False,False,,,False
2018-08,baseline_deduplicated,p654-2018-07-07T09:10:00,p654,2018-07-07T09:10:00,2019-01-01T00:00:00,excluded_carry_in,False,True,,,False
2018-08,baseline_deduplicated,p810-2018-07-30T18:40:00,p810,2018-07-30T18:40:00,2019-01-01T00:00:00,excluded_carry_in,False,True,,,False
2018-08,baseline_deduplicated,p183-2018-08-07T02:35:00,p183,2018-08-07T02:35:00,2018-09-01T17:15:00,detected,False,True,baseline_deduplicated-2467aeae5db9,3.25,False
2018-08,ewma,p257-2018-01-09T00:30:00,p257,2018-01-09T00:30:00,2019-01-01T00:00:00,excluded_carry_in,False,True,,,False
2018-08,ewma,p427-2018-02-16T04:15:00,p427,2018-02-16T04:15:00,2019-01-01T00:00:00,excluded_carry_in,False,True,,,False
2018-08,ewma,p31-2018-06-29T01:35:00,p31,2018-06-29T01:35:00,2018-08-12T17:35:00,excluded_carry_in,False,False,,,False
2018-08,ewma,p654-2018-07-07T09:10:00,p654,2018-07-07T09:10:00,2019-01-01T00:00:00,excluded_carry_in,False,True,,,False
2018-08,ewma,p810-2018-07-30T18:40:00,p810,2018-07-30T18:40:00,2019-01-01T00:00:00,excluded_carry_in,False,True,,,False
2018-08,ewma,p183-2018-08-07T02:35:00,p183,2018-08-07T02:35:00,2018-09-01T17:15:00,missed,False,True,,,False
2018-08,cusum,p257-2018-01-09T00:30:00,p257,2018-01-09T00:30:00,2019-01-01T00:00:00,excluded_carry_in,False,True,,,False
2018-08,cusum,p427-2018-02-16T04:15:00,p427,2018-02-16T04:15:00,2019-01-01T00:00:00,excluded_carry_in,False,True,,,False
2018-08,cusum,p31-2018-06-29T01:35:00,p31,2018-06-29T01:35:00,2018-08-12T17:35:00,excluded_carry_in,False,False,,,False
2018-08,cusum,p654-2018-07-07T09:10:00,p654,2018-07-07T09:10:00,2019-01-01T00:00:00,excluded_carry_in,False,True,,,False
2018-08,cusum,p810-2018-07-30T18:40:00,p810,2018-07-30T18:40:00,2019-01-01T00:00:00,excluded_carry_in,False,True,,,False
2018-08,cusum,p183-2018-08-07T02:35:00,p183,2018-08-07T02:35:00,2018-09-01T17:15:00,missed,False,True,,,False
2018-08,lightgbm_compact,p257-2018-01-09T00:30:00,p257,2018-01-09T00:30:00,2019-01-01T00:00:00,excluded_carry_in,False,True,,,False
2018-08,lightgbm_compact,p427-2018-02-16T04:15:00,p427,2018-02-16T04:15:00,2019-01-01T00:00:00,excluded_carry_in,False,True,,,False
2018-08,lightgbm_compact,p31-2018-06-29T01:35:00,p31,2018-06-29T01:35:00,2018-08-12T17:35:00,excluded_carry_in,False,False,,,False
2018-08,lightgbm_compact,p654-2018-07-07T09:10:00,p654,2018-07-07T09:10:00,2019-01-01T00:00:00,excluded_carry_in,False,True,,,False
2018-08,lightgbm_compact,p810-2018-07-30T18:40:00,p810,2018-07-30T18:40:00,2019-01-01T00:00:00,excluded_carry_in,False,True,,,False
2018-08,lightgbm_compact,p183-2018-08-07T02:35:00,p183,2018-08-07T02:35:00,2018-09-01T17:15:00,missed,False,True,,,False
2018-08,lightgbm_regression,p257-2018-01-09T00:30:00,p257,2018-01-09T00:30:00,2019-01-01T00:00:00,excluded_carry_in,False,True,,,False
2018-08,lightgbm_regression,p427-2018-02-16T04:15:00,p427,2018-02-16T04:15:00,2019-01-01T00:00:00,excluded_carry_in,False,True,,,False
2018-08,lightgbm_regression,p31-2018-06-29T01:35:00,p31,2018-06-29T01:35:00,2018-08-12T17:35:00,excluded_carry_in,False,False,,,False
2018-08,lightgbm_regression,p654-2018-07-07T09:10:00,p654,2018-07-07T09:10:00,2019-01-01T00:00:00,excluded_carry_in,False,True,,,False
2018-08,lightgbm_regression,p810-2018-07-30T18:40:00,p810,2018-07-30T18:40:00,2019-01-01T00:00:00,excluded_carry_in,False,True,,,False
2018-08,lightgbm_regression,p183-2018-08-07T02:35:00,p183,2018-08-07T02:35:00,2018-09-01T17:15:00,detected,False,True,lightgbm_regression-b30b0cadbfc7,7.0,False
2018-09,baseline_original,p257-2018-01-09T00:30:00,p257,2018-01-09T00:30:00,2019-01-01T00:00:00,excluded_carry_in,False,True,,,False
2018-09,baseline_original,p427-2018-02-16T04:15:00,p427,2018-02-16T04:15:00,2019-01-01T00:00:00,excluded_carry_in,False,True,,,False
2018-09,baseline_original,p654-2018-07-07T09:10:00,p654,2018-07-07T09:10:00,2019-01-01T00:00:00,excluded_carry_in,False,True,,,False
2018-09,baseline_original,p810-2018-07-30T18:40:00,p810,2018-07-30T18:40:00,2019-01-01T00:00:00,excluded_carry_in,False,True,,,False
2018-09,baseline_original,p183-2018-08-07T02:35:00,p183,2018-08-07T02:35:00,2018-09-01T17:15:00,excluded_carry_in,False,False,,,False
2018-09,baseline_deduplicated,p257-2018-01-09T00:30:00,p257,2018-01-09T00:30:00,2019-01-01T00:00:00,excluded_carry_in,False,True,,,False
2018-09,baseline_deduplicated,p427-2018-02-16T04:15:00,p427,2018-02-16T04:15:00,2019-01-01T00:00:00,excluded_carry_in,False,True,,,False
2018-09,baseline_deduplicated,p654-2018-07-07T09:10:00,p654,2018-07-07T09:10:00,2019-01-01T00:00:00,excluded_carry_in,False,True,,,False
2018-09,baseline_deduplicated,p810-2018-07-30T18:40:00,p810,2018-07-30T18:40:00,2019-01-01T00:00:00,excluded_carry_in,False,True,,,False
2018-09,baseline_deduplicated,p183-2018-08-07T02:35:00,p183,2018-08-07T02:35:00,2018-09-01T17:15:00,excluded_carry_in,False,False,,,False
2018-09,ewma,p257-2018-01-09T00:30:00,p257,2018-01-09T00:30:00,2019-01-01T00:00:00,excluded_carry_in,False,True,,,False
2018-09,ewma,p427-2018-02-16T04:15:00,p427,2018-02-16T04:15:00,2019-01-01T00:00:00,excluded_carry_in,False,True,,,False
2018-09,ewma,p654-2018-07-07T09:10:00,p654,2018-07-07T09:10:00,2019-01-01T00:00:00,excluded_carry_in,False,True,,,False
2018-09,ewma,p810-2018-07-30T18:40:00,p810,2018-07-30T18:40:00,2019-01-01T00:00:00,excluded_carry_in,False,True,,,False
2018-09,ewma,p183-2018-08-07T02:35:00,p183,2018-08-07T02:35:00,2018-09-01T17:15:00,excluded_carry_in,False,False,,,False
2018-09,cusum,p257-2018-01-09T00:30:00,p257,2018-01-09T00:30:00,2019-01-01T00:00:00,excluded_carry_in,False,True,,,False
2018-09,cusum,p427-2018-02-16T04:15:00,p427,2018-02-16T04:15:00,2019-01-01T00:00:00,excluded_carry_in,False,True,,,False
2018-09,cusum,p654-2018-07-07T09:10:00,p654,2018-07-07T09:10:00,2019-01-01T00:00:00,excluded_carry_in,False,True,,,False
2018-09,cusum,p810-2018-07-30T18:40:00,p810,2018-07-30T18:40:00,2019-01-01T00:00:00,excluded_carry_in,False,True,,,False
2018-09,cusum,p183-2018-08-07T02:35:00,p183,2018-08-07T02:35:00,2018-09-01T17:15:00,excluded_carry_in,False,False,,,False
2018-09,lightgbm_compact,p257-2018-01-09T00:30:00,p257,2018-01-09T00:30:00,2019-01-01T00:00:00,excluded_carry_in,False,True,,,False
2018-09,lightgbm_compact,p427-2018-02-16T04:15:00,p427,2018-02-16T04:15:00,2019-01-01T00:00:00,excluded_carry_in,False,True,,,False
2018-09,lightgbm_compact,p654-2018-07-07T09:10:00,p654,2018-07-07T09:10:00,2019-01-01T00:00:00,excluded_carry_in,False,True,,,False
2018-09,lightgbm_compact,p810-2018-07-30T18:40:00,p810,2018-07-30T18:40:00,2019-01-01T00:00:00,excluded_carry_in,False,True,,,False
2018-09,lightgbm_compact,p183-2018-08-07T02:35:00,p183,2018-08-07T02:35:00,2018-09-01T17:15:00,excluded_carry_in,False,False,,,False
2018-09,lightgbm_regression,p257-2018-01-09T00:30:00,p257,2018-01-09T00:30:00,2019-01-01T00:00:00,excluded_carry_in,False,True,,,False
2018-09,lightgbm_regression,p427-2018-02-16T04:15:00,p427,2018-02-16T04:15:00,2019-01-01T00:00:00,excluded_carry_in,False,True,,,False
2018-09,lightgbm_regression,p654-2018-07-07T09:10:00,p654,2018-07-07T09:10:00,2019-01-01T00:00:00,excluded_carry_in,False,True,,,False
2018-09,lightgbm_regression,p810-2018-07-30T18:40:00,p810,2018-07-30T18:40:00,2019-01-01T00:00:00,excluded_carry_in,False,True,,,False
2018-09,lightgbm_regression,p183-2018-08-07T02:35:00,p183,2018-08-07T02:35:00,2018-09-01T17:15:00,excluded_carry_in,False,False,,,False
2018-10,baseline_original,p257-2018-01-09T00:30:00,p257,2018-01-09T00:30:00,2019-01-01T00:00:00,excluded_carry_in,False,True,,,False
2018-10,baseline_original,p427-2018-02-16T04:15:00,p427,2018-02-16T04:15:00,2019-01-01T00:00:00,excluded_carry_in,False,True,,,False
2018-10,baseline_original,p654-2018-07-07T09:10:00,p654,2018-07-07T09:10:00,2019-01-01T00:00:00,excluded_carry_in,False,True,,,False
2018-10,baseline_original,p810-2018-07-30T18:40:00,p810,2018-07-30T18:40:00,2019-01-01T00:00:00,excluded_carry_in,False,True,,,False
2018-10,baseline_original,p158-2018-10-06T02:35:00,p158,2018-10-06T02:35:00,2018-10-23T13:40:00,detected,False,False,baseline_original-761e27034f35,3.0,False
2018-10,baseline_original,p369-2018-10-26T02:05:00,p369,2018-10-26T02:05:00,2018-11-08T20:30:00,detected,False,True,baseline_original-8cb4d19a3e1e,5.916666666666667,False
2018-10,baseline_deduplicated,p257-2018-01-09T00:30:00,p257,2018-01-09T00:30:00,2019-01-01T00:00:00,excluded_carry_in,False,True,,,False
2018-10,baseline_deduplicated,p427-2018-02-16T04:15:00,p427,2018-02-16T04:15:00,2019-01-01T00:00:00,excluded_carry_in,False,True,,,False
2018-10,baseline_deduplicated,p654-2018-07-07T09:10:00,p654,2018-07-07T09:10:00,2019-01-01T00:00:00,excluded_carry_in,False,True,,,False
2018-10,baseline_deduplicated,p810-2018-07-30T18:40:00,p810,2018-07-30T18:40:00,2019-01-01T00:00:00,excluded_carry_in,False,True,,,False
2018-10,baseline_deduplicated,p158-2018-10-06T02:35:00,p158,2018-10-06T02:35:00,2018-10-23T13:40:00,detected,False,False,baseline_deduplicated-761e27034f35,3.0,False
2018-10,baseline_deduplicated,p369-2018-10-26T02:05:00,p369,2018-10-26T02:05:00,2018-11-08T20:30:00,detected,False,True,baseline_deduplicated-8cb4d19a3e1e,5.916666666666667,False
2018-10,ewma,p257-2018-01-09T00:30:00,p257,2018-01-09T00:30:00,2019-01-01T00:00:00,excluded_carry_in,False,True,,,False
2018-10,ewma,p427-2018-02-16T04:15:00,p427,2018-02-16T04:15:00,2019-01-01T00:00:00,excluded_carry_in,False,True,,,False
2018-10,ewma,p654-2018-07-07T09:10:00,p654,2018-07-07T09:10:00,2019-01-01T00:00:00,excluded_carry_in,False,True,,,False
2018-10,ewma,p810-2018-07-30T18:40:00,p810,2018-07-30T18:40:00,2019-01-01T00:00:00,excluded_carry_in,False,True,,,False
2018-10,ewma,p158-2018-10-06T02:35:00,p158,2018-10-06T02:35:00,2018-10-23T13:40:00,detected,False,False,ewma-f832249b108d,0.25,False
2018-10,ewma,p369-2018-10-26T02:05:00,p369,2018-10-26T02:05:00,2018-11-08T20:30:00,missed,False,True,,,False
2018-10,cusum,p257-2018-01-09T00:30:00,p257,2018-01-09T00:30:00,2019-01-01T00:00:00,excluded_carry_in,False,True,,,False
2018-10,cusum,p427-2018-02-16T04:15:00,p427,2018-02-16T04:15:00,2019-01-01T00:00:00,excluded_carry_in,False,True,,,False
2018-10,cusum,p654-2018-07-07T09:10:00,p654,2018-07-07T09:10:00,2019-01-01T00:00:00,excluded_carry_in,False,True,,,False
2018-10,cusum,p810-2018-07-30T18:40:00,p810,2018-07-30T18:40:00,2019-01-01T00:00:00,excluded_carry_in,False,True,,,False
2018-10,cusum,p158-2018-10-06T02:35:00,p158,2018-10-06T02:35:00,2018-10-23T13:40:00,missed,False,False,,,False
2018-10,cusum,p369-2018-10-26T02:05:00,p369,2018-10-26T02:05:00,2018-11-08T20:30:00,missed,False,True,,,False
2018-10,lightgbm_compact,p257-2018-01-09T00:30:00,p257,2018-01-09T00:30:00,2019-01-01T00:00:00,excluded_carry_in,False,True,,,False
2018-10,lightgbm_compact,p427-2018-02-16T04:15:00,p427,2018-02-16T04:15:00,2019-01-01T00:00:00,excluded_carry_in,False,True,,,False
2018-10,lightgbm_compact,p654-2018-07-07T09:10:00,p654,2018-07-07T09:10:00,2019-01-01T00:00:00,excluded_carry_in,False,True,,,False
2018-10,lightgbm_compact,p810-2018-07-30T18:40:00,p810,2018-07-30T18:40:00,2019-01-01T00:00:00,excluded_carry_in,False,True,,,False
2018-10,lightgbm_compact,p158-2018-10-06T02:35:00,p158,2018-10-06T02:35:00,2018-10-23T13:40:00,missed,False,False,,,False
2018-10,lightgbm_compact,p369-2018-10-26T02:05:00,p369,2018-10-26T02:05:00,2018-11-08T20:30:00,missed,False,True,,,False
2018-10,lightgbm_regression,p257-2018-01-09T00:30:00,p257,2018-01-09T00:30:00,2019-01-01T00:00:00,excluded_carry_in,False,True,,,False
2018-10,lightgbm_regression,p427-2018-02-16T04:15:00,p427,2018-02-16T04:15:00,2019-01-01T00:00:00,excluded_carry_in,False,True,,,False
2018-10,lightgbm_regression,p654-2018-07-07T09:10:00,p654,2018-07-07T09:10:00,2019-01-01T00:00:00,excluded_carry_in,False,True,,,False
2018-10,lightgbm_regression,p810-2018-07-30T18:40:00,p810,2018-07-30T18:40:00,2019-01-01T00:00:00,excluded_carry_in,False,True,,,False
2018-10,lightgbm_regression,p158-2018-10-06T02:35:00,p158,2018-10-06T02:35:00,2018-10-23T13:40:00,missed,False,False,,,False
2018-10,lightgbm_regression,p369-2018-10-26T02:05:00,p369,2018-10-26T02:05:00,2018-11-08T20:30:00,missed,False,True,,,False
2018-11,baseline_original,p257-2018-01-09T00:30:00,p257,2018-01-09T00:30:00,2019-01-01T00:00:00,excluded_carry_in,False,True,,,False
2018-11,baseline_original,p427-2018-02-16T04:15:00,p427,2018-02-16T04:15:00,2019-01-01T00:00:00,excluded_carry_in,False,True,,,False
2018-11,baseline_original,p654-2018-07-07T09:10:00,p654,2018-07-07T09:10:00,2019-01-01T00:00:00,excluded_carry_in,False,True,,,False
2018-11,baseline_original,p810-2018-07-30T18:40:00,p810,2018-07-30T18:40:00,2019-01-01T00:00:00,excluded_carry_in,False,True,,,False
2018-11,baseline_original,p369-2018-10-26T02:05:00,p369,2018-10-26T02:05:00,2018-11-08T20:30:00,excluded_carry_in,False,False,,,False
2018-11,baseline_deduplicated,p257-2018-01-09T00:30:00,p257,2018-01-09T00:30:00,2019-01-01T00:00:00,excluded_carry_in,False,True,,,False
2018-11,baseline_deduplicated,p427-2018-02-16T04:15:00,p427,2018-02-16T04:15:00,2019-01-01T00:00:00,excluded_carry_in,False,True,,,False
2018-11,baseline_deduplicated,p654-2018-07-07T09:10:00,p654,2018-07-07T09:10:00,2019-01-01T00:00:00,excluded_carry_in,False,True,,,False
2018-11,baseline_deduplicated,p810-2018-07-30T18:40:00,p810,2018-07-30T18:40:00,2019-01-01T00:00:00,excluded_carry_in,False,True,,,False
2018-11,baseline_deduplicated,p369-2018-10-26T02:05:00,p369,2018-10-26T02:05:00,2018-11-08T20:30:00,excluded_carry_in,False,False,,,False
2018-11,ewma,p257-2018-01-09T00:30:00,p257,2018-01-09T00:30:00,2019-01-01T00:00:00,excluded_carry_in,False,True,,,False
2018-11,ewma,p427-2018-02-16T04:15:00,p427,2018-02-16T04:15:00,2019-01-01T00:00:00,excluded_carry_in,False,True,,,False
2018-11,ewma,p654-2018-07-07T09:10:00,p654,2018-07-07T09:10:00,2019-01-01T00:00:00,excluded_carry_in,False,True,,,False
2018-11,ewma,p810-2018-07-30T18:40:00,p810,2018-07-30T18:40:00,2019-01-01T00:00:00,excluded_carry_in,False,True,,,False
2018-11,ewma,p369-2018-10-26T02:05:00,p369,2018-10-26T02:05:00,2018-11-08T20:30:00,excluded_carry_in,False,False,,,False
2018-11,cusum,p257-2018-01-09T00:30:00,p257,2018-01-09T00:30:00,2019-01-01T00:00:00,excluded_carry_in,False,True,,,False
2018-11,cusum,p427-2018-02-16T04:15:00,p427,2018-02-16T04:15:00,2019-01-01T00:00:00,excluded_carry_in,False,True,,,False
2018-11,cusum,p654-2018-07-07T09:10:00,p654,2018-07-07T09:10:00,2019-01-01T00:00:00,excluded_carry_in,False,True,,,False
2018-11,cusum,p810-2018-07-30T18:40:00,p810,2018-07-30T18:40:00,2019-01-01T00:00:00,excluded_carry_in,False,True,,,False
2018-11,cusum,p369-2018-10-26T02:05:00,p369,2018-10-26T02:05:00,2018-11-08T20:30:00,excluded_carry_in,False,False,,,False
2018-11,lightgbm_compact,p257-2018-01-09T00:30:00,p257,2018-01-09T00:30:00,2019-01-01T00:00:00,excluded_carry_in,False,True,,,False
2018-11,lightgbm_compact,p427-2018-02-16T04:15:00,p427,2018-02-16T04:15:00,2019-01-01T00:00:00,excluded_carry_in,False,True,,,False
2018-11,lightgbm_compact,p654-2018-07-07T09:10:00,p654,2018-07-07T09:10:00,2019-01-01T00:00:00,excluded_carry_in,False,True,,,False
2018-11,lightgbm_compact,p810-2018-07-30T18:40:00,p810,2018-07-30T18:40:00,2019-01-01T00:00:00,excluded_carry_in,False,True,,,False
2018-11,lightgbm_compact,p369-2018-10-26T02:05:00,p369,2018-10-26T02:05:00,2018-11-08T20:30:00,excluded_carry_in,False,False,,,False
2018-11,lightgbm_regression,p257-2018-01-09T00:30:00,p257,2018-01-09T00:30:00,2019-01-01T00:00:00,excluded_carry_in,False,True,,,False
2018-11,lightgbm_regression,p427-2018-02-16T04:15:00,p427,2018-02-16T04:15:00,2019-01-01T00:00:00,excluded_carry_in,False,True,,,False
2018-11,lightgbm_regression,p654-2018-07-07T09:10:00,p654,2018-07-07T09:10:00,2019-01-01T00:00:00,excluded_carry_in,False,True,,,False
2018-11,lightgbm_regression,p810-2018-07-30T18:40:00,p810,2018-07-30T18:40:00,2019-01-01T00:00:00,excluded_carry_in,False,True,,,False
2018-11,lightgbm_regression,p369-2018-10-26T02:05:00,p369,2018-10-26T02:05:00,2018-11-08T20:30:00,excluded_carry_in,False,False,,,False
2018-12,baseline_original,p257-2018-01-09T00:30:00,p257,2018-01-09T00:30:00,2019-01-01T00:00:00,excluded_carry_in,False,True,,,False
2018-12,baseline_original,p427-2018-02-16T04:15:00,p427,2018-02-16T04:15:00,2019-01-01T00:00:00,excluded_carry_in,False,True,,,False
2018-12,baseline_original,p654-2018-07-07T09:10:00,p654,2018-07-07T09:10:00,2019-01-01T00:00:00,excluded_carry_in,False,True,,,False
2018-12,baseline_original,p810-2018-07-30T18:40:00,p810,2018-07-30T18:40:00,2019-01-01T00:00:00,excluded_carry_in,False,True,,,False
2018-12,baseline_deduplicated,p257-2018-01-09T00:30:00,p257,2018-01-09T00:30:00,2019-01-01T00:00:00,excluded_carry_in,False,True,,,False
2018-12,baseline_deduplicated,p427-2018-02-16T04:15:00,p427,2018-02-16T04:15:00,2019-01-01T00:00:00,excluded_carry_in,False,True,,,False
2018-12,baseline_deduplicated,p654-2018-07-07T09:10:00,p654,2018-07-07T09:10:00,2019-01-01T00:00:00,excluded_carry_in,False,True,,,False
2018-12,baseline_deduplicated,p810-2018-07-30T18:40:00,p810,2018-07-30T18:40:00,2019-01-01T00:00:00,excluded_carry_in,False,True,,,False
2018-12,ewma,p257-2018-01-09T00:30:00,p257,2018-01-09T00:30:00,2019-01-01T00:00:00,excluded_carry_in,False,True,,,False
2018-12,ewma,p427-2018-02-16T04:15:00,p427,2018-02-16T04:15:00,2019-01-01T00:00:00,excluded_carry_in,False,True,,,False
2018-12,ewma,p654-2018-07-07T09:10:00,p654,2018-07-07T09:10:00,2019-01-01T00:00:00,excluded_carry_in,False,True,,,False
2018-12,ewma,p810-2018-07-30T18:40:00,p810,2018-07-30T18:40:00,2019-01-01T00:00:00,excluded_carry_in,False,True,,,False
2018-12,cusum,p257-2018-01-09T00:30:00,p257,2018-01-09T00:30:00,2019-01-01T00:00:00,excluded_carry_in,False,True,,,False
2018-12,cusum,p427-2018-02-16T04:15:00,p427,2018-02-16T04:15:00,2019-01-01T00:00:00,excluded_carry_in,False,True,,,False
2018-12,cusum,p654-2018-07-07T09:10:00,p654,2018-07-07T09:10:00,2019-01-01T00:00:00,excluded_carry_in,False,True,,,False
2018-12,cusum,p810-2018-07-30T18:40:00,p810,2018-07-30T18:40:00,2019-01-01T00:00:00,excluded_carry_in,False,True,,,False
2018-12,lightgbm_compact,p257-2018-01-09T00:30:00,p257,2018-01-09T00:30:00,2019-01-01T00:00:00,excluded_carry_in,False,True,,,False
2018-12,lightgbm_compact,p427-2018-02-16T04:15:00,p427,2018-02-16T04:15:00,2019-01-01T00:00:00,excluded_carry_in,False,True,,,False
2018-12,lightgbm_compact,p654-2018-07-07T09:10:00,p654,2018-07-07T09:10:00,2019-01-01T00:00:00,excluded_carry_in,False,True,,,False
2018-12,lightgbm_compact,p810-2018-07-30T18:40:00,p810,2018-07-30T18:40:00,2019-01-01T00:00:00,excluded_carry_in,False,True,,,False
2018-12,lightgbm_regression,p257-2018-01-09T00:30:00,p257,2018-01-09T00:30:00,2019-01-01T00:00:00,excluded_carry_in,False,True,,,False
2018-12,lightgbm_regression,p427-2018-02-16T04:15:00,p427,2018-02-16T04:15:00,2019-01-01T00:00:00,excluded_carry_in,False,True,,,False
2018-12,lightgbm_regression,p654-2018-07-07T09:10:00,p654,2018-07-07T09:10:00,2019-01-01T00:00:00,excluded_carry_in,False,True,,,False
2018-12,lightgbm_regression,p810-2018-07-30T18:40:00,p810,2018-07-30T18:40:00,2019-01-01T00:00:00,excluded_carry_in,False,True,,,False
