fold,fit_start,fit_end,calibration_start,calibration_end,outer_start,outer_end,model,precision,recall,f1,avg_detection_delay_hours,false_alarms_per_week,true_positives,false_positives,false_negatives,alarm_count,eligible_leak_events,excluded_carry_in_events,duplicate_alarms,carry_in_only_alarms,ambiguous_matches,test_start,test_end_exclusive,observed_weeks,max_detection_delay_hours,matching_rule,false_alarm_rule,zero_denominator_rule,status,selected_parameters,selected_threshold,calibration_informative,known_negative_rows,known_positive_rows,unknown_rows_excluded,feature_count,regression_mae_m3_h,regression_rmse_m3_h,constant_rmse_m3_h,regression_target_units
2018-05,2018-01-01T00:00:00,2018-04-02T23:55:00,2018-04-03T00:00:00,2018-04-30T23:55:00,2018-05-01T00:00:00,2018-05-31T23:55:00,baseline_original,0.0,0.0,0.0,,1.3548387096774193,0,6,2,6,2,2,0,0,0,2018-05-01T00:00:00,2018-06-01T00:00:00,4.428571428571429,48,"one-to-one temporal matching; earliest active deadline first; [onset, end)","all test alarms unmatched to a new eligible event, including duplicates and carry-in-only alarms",precision/recall/F1 are 0 when their denominator is 0; missing delay is null,evaluated,{'quantile': 0.995},1.1665235199879518,False,,,,,,,,
2018-05,2018-01-01T00:00:00,2018-04-02T23:55:00,2018-04-03T00:00:00,2018-04-30T23:55:00,2018-05-01T00:00:00,2018-05-31T23:55:00,baseline_deduplicated,0.0,0.0,0.0,,0.22580645161290322,0,1,2,1,2,2,0,0,0,2018-05-01T00:00:00,2018-06-01T00:00:00,4.428571428571429,48,"one-to-one temporal matching; earliest active deadline first; [onset, end)","all test alarms unmatched to a new eligible event, including duplicates and carry-in-only alarms",precision/recall/F1 are 0 when their denominator is 0; missing delay is null,evaluated,{'quantile': 0.995},1.1665235199879518,False,,,,,,,,
2018-05,2018-01-01T00:00:00,2018-04-02T23:55:00,2018-04-03T00:00:00,2018-04-30T23:55:00,2018-05-01T00:00:00,2018-05-31T23:55:00,ewma,0.5,0.5,0.5,18.583333333333332,0.22580645161290322,1,1,1,2,2,2,1,0,0,2018-05-01T00:00:00,2018-06-01T00:00:00,4.428571428571429,48,"one-to-one temporal matching; earliest active deadline first; [onset, end)","all test alarms unmatched to a new eligible event, including duplicates and carry-in-only alarms",precision/recall/F1 are 0 when their denominator is 0; missing delay is null,evaluated,"{'alpha': 0.02, 'quantile': 0.99}",1.0048381875200831,False,,,,,,,,
2018-05,2018-01-01T00:00:00,2018-04-02T23:55:00,2018-04-03T00:00:00,2018-04-30T23:55:00,2018-05-01T00:00:00,2018-05-31T23:55:00,cusum,0.0,0.0,0.0,,0.0,0,0,2,0,2,2,0,0,0,2018-05-01T00:00:00,2018-06-01T00:00:00,4.428571428571429,48,"one-to-one temporal matching; earliest active deadline first; [onset, end)","all test alarms unmatched to a new eligible event, including duplicates and carry-in-only alarms",precision/recall/F1 are 0 when their denominator is 0; missing delay is null,evaluated,"{'reference_shift': 0.25, 'decision_limit': 5.0, 'center': 0.7811061352708534, 'scale': 0.13245909625179605}",5.0,False,,,,,,,,
2018-05,2018-01-01T00:00:00,2018-04-02T23:55:00,2018-04-03T00:00:00,2018-04-30T23:55:00,2018-05-01T00:00:00,2018-05-31T23:55:00,lightgbm_compact,0.0,0.0,0.0,,0.0,0,0,2,0,2,2,0,0,0,2018-05-01T00:00:00,2018-06-01T00:00:00,4.428571428571429,48,"one-to-one temporal matching; earliest active deadline first; [onset, end)","all test alarms unmatched to a new eligible event, including duplicates and carry-in-only alarms",precision/recall/F1 are 0 when their denominator is 0; missing delay is null,evaluated,{'probability_threshold': 0.1},0.1,False,294.0,2880.0,21306.0,21.0,,,,
2018-05,2018-01-01T00:00:00,2018-04-02T23:55:00,2018-04-03T00:00:00,2018-04-30T23:55:00,2018-05-01T00:00:00,2018-05-31T23:55:00,lightgbm_regression,0.0,0.0,0.0,,0.45161290322580644,0,2,2,2,2,2,0,0,0,2018-05-01T00:00:00,2018-06-01T00:00:00,4.428571428571429,48,"one-to-one temporal matching; earliest active deadline first; [onset, end)","all test alarms unmatched to a new eligible event, including duplicates and carry-in-only alarms",precision/recall/F1 are 0 when their denominator is 0; missing delay is null,evaluated,{'rise_quantile': 0.95},8.1062216692454,False,,,,21.0,12.431650507729884,17.57777585075439,40.65134159352548,m3/h
2018-06,2018-01-01T00:00:00,2018-05-03T23:55:00,2018-05-04T00:00:00,2018-05-31T23:55:00,2018-06-01T00:00:00,2018-06-30T23:55:00,baseline_original,0.0,0.0,0.0,,0.0,0,0,2,0,2,3,0,0,0,2018-06-01T00:00:00,2018-07-01T00:00:00,4.285714285714286,48,"one-to-one temporal matching; earliest active deadline first; [onset, end)","all test alarms unmatched to a new eligible event, including duplicates and carry-in-only alarms",precision/recall/F1 are 0 when their denominator is 0; missing delay is null,evaluated,{'quantile': 0.995},1.1611937870661204,False,,,,,,,,
2018-06,2018-01-01T00:00:00,2018-05-03T23:55:00,2018-05-04T00:00:00,2018-05-31T23:55:00,2018-06-01T00:00:00,2018-06-30T23:55:00,baseline_deduplicated,0.0,0.0,0.0,,0.0,0,0,2,0,2,3,0,0,0,2018-06-01T00:00:00,2018-07-01T00:00:00,4.285714285714286,48,"one-to-one temporal matching; earliest active deadline first; [onset, end)","all test alarms unmatched to a new eligible event, including duplicates and carry-in-only alarms",precision/recall/F1 are 0 when their denominator is 0; missing delay is null,evaluated,{'quantile': 0.995},1.1611937870661204,False,,,,,,,,
2018-06,2018-01-01T00:00:00,2018-05-03T23:55:00,2018-05-04T00:00:00,2018-05-31T23:55:00,2018-06-01T00:00:00,2018-06-30T23:55:00,ewma,0.0,0.0,0.0,,0.7000000000000001,0,3,2,3,2,3,0,3,0,2018-06-01T00:00:00,2018-07-01T00:00:00,4.285714285714286,48,"one-to-one temporal matching; earliest active deadline first; [onset, end)","all test alarms unmatched to a new eligible event, including duplicates and carry-in-only alarms",precision/recall/F1 are 0 when their denominator is 0; missing delay is null,evaluated,"{'alpha': 0.02, 'quantile': 0.99}",1.0026655471636525,False,,,,,,,,
2018-06,2018-01-01T00:00:00,2018-05-03T23:55:00,2018-05-04T00:00:00,2018-05-31T23:55:00,2018-06-01T00:00:00,2018-06-30T23:55:00,cusum,0.0,0.0,0.0,,0.0,0,0,2,0,2,3,0,0,0,2018-06-01T00:00:00,2018-07-01T00:00:00,4.285714285714286,48,"one-to-one temporal matching; earliest active deadline first; [onset, end)","all test alarms unmatched to a new eligible event, including duplicates and carry-in-only alarms",precision/recall/F1 are 0 when their denominator is 0; missing delay is null,evaluated,"{'reference_shift': 0.25, 'decision_limit': 5.0, 'center': 0.7808264017545843, 'scale': 0.13053378151229872}",5.0,False,,,,,,,,
2018-06,2018-01-01T00:00:00,2018-05-03T23:55:00,2018-05-04T00:00:00,2018-05-31T23:55:00,2018-06-01T00:00:00,2018-06-30T23:55:00,lightgbm_compact,0.0,0.0,0.0,,0.0,0,0,2,0,2,3,0,0,0,2018-06-01T00:00:00,2018-07-01T00:00:00,4.285714285714286,48,"one-to-one temporal matching; earliest active deadline first; [onset, end)","all test alarms unmatched to a new eligible event, including duplicates and carry-in-only alarms",precision/recall/F1 are 0 when their denominator is 0; missing delay is null,evaluated,{'probability_threshold': 0.1},0.1,False,294.0,3230.0,29884.0,21.0,,,,
2018-06,2018-01-01T00:00:00,2018-05-03T23:55:00,2018-05-04T00:00:00,2018-05-31T23:55:00,2018-06-01T00:00:00,2018-06-30T23:55:00,lightgbm_regression,0.0,0.0,0.0,,0.0,0,0,2,0,2,3,0,0,0,2018-06-01T00:00:00,2018-07-01T00:00:00,4.285714285714286,48,"one-to-one temporal matching; earliest active deadline first; [onset, end)","all test alarms unmatched to a new eligible event, including duplicates and carry-in-only alarms",precision/recall/F1 are 0 when their denominator is 0; missing delay is null,evaluated,{'rise_quantile': 0.99},27.168887812420994,False,,,,21.0,5.967851285895945,8.934460939922207,16.006238842245235,m3/h
2018-07,2018-01-01T00:00:00,2018-06-02T23:55:00,2018-06-03T00:00:00,2018-06-30T23:55:00,2018-07-01T00:00:00,2018-07-31T23:55:00,baseline_original,1.0,0.5,0.6666666666666666,15.666666666666666,0.0,1,0,1,1,2,3,0,0,0,2018-07-01T00:00:00,2018-08-01T00:00:00,4.428571428571429,48,"one-to-one temporal matching; earliest active deadline first; [onset, end)","all test alarms unmatched to a new eligible event, including duplicates and carry-in-only alarms",precision/recall/F1 are 0 when their denominator is 0; missing delay is null,evaluated,{'quantile': 0.995},1.1878446707862038,False,,,,,,,,
2018-07,2018-01-01T00:00:00,2018-06-02T23:55:00,2018-06-03T00:00:00,2018-06-30T23:55:00,2018-07-01T00:00:00,2018-07-31T23:55:00,baseline_deduplicated,1.0,0.5,0.6666666666666666,15.666666666666666,0.0,1,0,1,1,2,3,0,0,0,2018-07-01T00:00:00,2018-08-01T00:00:00,4.428571428571429,48,"one-to-one temporal matching; earliest active deadline first; [onset, end)","all test alarms unmatched to a new eligible event, including duplicates and carry-in-only alarms",precision/recall/F1 are 0 when their denominator is 0; missing delay is null,evaluated,{'quantile': 0.995},1.1878446707862038,False,,,,,,,,
2018-07,2018-01-01T00:00:00,2018-06-02T23:55:00,2018-06-03T00:00:00,2018-06-30T23:55:00,2018-07-01T00:00:00,2018-07-31T23:55:00,ewma,0.0,0.0,0.0,,1.5806451612903225,0,7,2,7,2,3,0,1,0,2018-07-01T00:00:00,2018-08-01T00:00:00,4.428571428571429,48,"one-to-one temporal matching; earliest active deadline first; [onset, end)","all test alarms unmatched to a new eligible event, including duplicates and carry-in-only alarms",precision/recall/F1 are 0 when their denominator is 0; missing delay is null,evaluated,"{'alpha': 0.02, 'quantile': 0.99}",1.0281765653757706,False,,,,,,,,
2018-07,2018-01-01T00:00:00,2018-06-02T23:55:00,2018-06-03T00:00:00,2018-06-30T23:55:00,2018-07-01T00:00:00,2018-07-31T23:55:00,cusum,0.0,0.0,0.0,,0.0,0,0,2,0,2,3,0,0,0,2018-07-01T00:00:00,2018-08-01T00:00:00,4.428571428571429,48,"one-to-one temporal matching; earliest active deadline first; [onset, end)","all test alarms unmatched to a new eligible event, including duplicates and carry-in-only alarms",precision/recall/F1 are 0 when their denominator is 0; missing delay is null,evaluated,"{'reference_shift': 0.25, 'decision_limit': 5.0, 'center': 0.7745809242837287, 'scale': 0.14257287488666906}",5.0,False,,,,,,,,
2018-07,2018-01-01T00:00:00,2018-06-02T23:55:00,2018-06-03T00:00:00,2018-06-30T23:55:00,2018-07-01T00:00:00,2018-07-31T23:55:00,lightgbm_compact,0.0,0.0,0.0,,0.0,0,0,2,0,2,3,0,0,0,2018-07-01T00:00:00,2018-08-01T00:00:00,4.428571428571429,48,"one-to-one temporal matching; earliest active deadline first; [onset, end)","all test alarms unmatched to a new eligible event, including duplicates and carry-in-only alarms",precision/recall/F1 are 0 when their denominator is 0; missing delay is null,evaluated,{'probability_threshold': 0.1},0.1,False,294.0,4499.0,37255.0,21.0,,,,
2018-07,2018-01-01T00:00:00,2018-06-02T23:55:00,2018-06-03T00:00:00,2018-06-30T23:55:00,2018-07-01T00:00:00,2018-07-31T23:55:00,lightgbm_regression,0.0,0.0,0.0,,0.0,0,0,2,0,2,3,0,0,0,2018-07-01T00:00:00,2018-08-01T00:00:00,4.428571428571429,48,"one-to-one temporal matching; earliest active deadline first; [onset, end)","all test alarms unmatched to a new eligible event, including duplicates and carry-in-only alarms",precision/recall/F1 are 0 when their denominator is 0; missing delay is null,evaluated,{'rise_quantile': 0.95},9.291298291550232,False,,,,21.0,4.697829919596804,6.003330394232751,5.088407319161756,m3/h
2018-08,2018-01-01T00:00:00,2018-07-03T23:55:00,2018-07-04T00:00:00,2018-07-31T23:55:00,2018-08-01T00:00:00,2018-08-31T23:55:00,baseline_original,1.0,1.0,1.0,3.25,0.0,1,0,0,1,1,5,0,0,0,2018-08-01T00:00:00,2018-09-01T00:00:00,4.428571428571429,48,"one-to-one temporal matching; earliest active deadline first; [onset, end)","all test alarms unmatched to a new eligible event, including duplicates and carry-in-only alarms",precision/recall/F1 are 0 when their denominator is 0; missing delay is null,evaluated,{'quantile': 0.995},1.1817301772736741,False,,,,,,,,
2018-08,2018-01-01T00:00:00,2018-07-03T23:55:00,2018-07-04T00:00:00,2018-07-31T23:55:00,2018-08-01T00:00:00,2018-08-31T23:55:00,baseline_deduplicated,1.0,1.0,1.0,3.25,0.0,1,0,0,1,1,5,0,0,0,2018-08-01T00:00:00,2018-09-01T00:00:00,4.428571428571429,48,"one-to-one temporal matching; earliest active deadline first; [onset, end)","all test alarms unmatched to a new eligible event, including duplicates and carry-in-only alarms",precision/recall/F1 are 0 when their denominator is 0; missing delay is null,evaluated,{'quantile': 0.995},1.1817301772736741,False,,,,,,,,
2018-08,2018-01-01T00:00:00,2018-07-03T23:55:00,2018-07-04T00:00:00,2018-07-31T23:55:00,2018-08-01T00:00:00,2018-08-31T23:55:00,ewma,0.0,0.0,0.0,,0.22580645161290322,0,1,1,1,1,5,0,1,0,2018-08-01T00:00:00,2018-09-01T00:00:00,4.428571428571429,48,"one-to-one temporal matching; earliest active deadline first; [onset, end)","all test alarms unmatched to a new eligible event, including duplicates and carry-in-only alarms",precision/recall/F1 are 0 when their denominator is 0; missing delay is null,evaluated,"{'alpha': 0.1, 'quantile': 0.99}",1.0923684020509894,True,,,,,,,,
2018-08,2018-01-01T00:00:00,2018-07-03T23:55:00,2018-07-04T00:00:00,2018-07-31T23:55:00,2018-08-01T00:00:00,2018-08-31T23:55:00,cusum,0.0,0.0,0.0,,0.0,0,0,1,0,1,5,0,0,0,2018-08-01T00:00:00,2018-09-01T00:00:00,4.428571428571429,48,"one-to-one temporal matching; earliest active deadline first; [onset, end)","all test alarms unmatched to a new eligible event, including duplicates and carry-in-only alarms",precision/recall/F1 are 0 when their denominator is 0; missing delay is null,evaluated,"{'reference_shift': 0.25, 'decision_limit': 5.0, 'center': 0.7768356059057309, 'scale': 0.1410848590142945}",5.0,False,,,,,,,,
2018-08,2018-01-01T00:00:00,2018-07-03T23:55:00,2018-07-04T00:00:00,2018-07-31T23:55:00,2018-08-01T00:00:00,2018-08-31T23:55:00,lightgbm_compact,0.0,0.0,0.0,,0.0,0,0,1,0,1,5,0,0,0,2018-08-01T00:00:00,2018-09-01T00:00:00,4.428571428571429,48,"one-to-one temporal matching; earliest active deadline first; [onset, end)","all test alarms unmatched to a new eligible event, including duplicates and carry-in-only alarms",precision/recall/F1 are 0 when their denominator is 0; missing delay is null,evaluated,{'probability_threshold': 0.1},0.1,False,294.0,5184.0,45498.0,21.0,,,,
2018-08,2018-01-01T00:00:00,2018-07-03T23:55:00,2018-07-04T00:00:00,2018-07-31T23:55:00,2018-08-01T00:00:00,2018-08-31T23:55:00,lightgbm_regression,0.5,1.0,0.6666666666666666,7.0,0.22580645161290322,1,1,0,2,1,5,1,0,0,2018-08-01T00:00:00,2018-09-01T00:00:00,4.428571428571429,48,"one-to-one temporal matching; earliest active deadline first; [onset, end)","all test alarms unmatched to a new eligible event, including duplicates and carry-in-only alarms",precision/recall/F1 are 0 when their denominator is 0; missing delay is null,evaluated,{'rise_quantile': 0.95},8.553277376179423,False,,,,21.0,8.301065832770725,10.476990463798316,21.48455269444274,m3/h
2018-09,2018-01-01T00:00:00,2018-08-03T23:55:00,2018-08-04T00:00:00,2018-08-31T23:55:00,2018-09-01T00:00:00,2018-09-30T23:55:00,baseline_original,0.0,0.0,0.0,,0.0,0,0,0,0,0,5,0,0,0,2018-09-01T00:00:00,2018-10-01T00:00:00,4.285714285714286,48,"one-to-one temporal matching; earliest active deadline first; [onset, end)","all test alarms unmatched to a new eligible event, including duplicates and carry-in-only alarms",precision/recall/F1 are 0 when their denominator is 0; missing delay is null,evaluated,{'quantile': 0.995},1.1909723073198695,True,,,,,,,,
2018-09,2018-01-01T00:00:00,2018-08-03T23:55:00,2018-08-04T00:00:00,2018-08-31T23:55:00,2018-09-01T00:00:00,2018-09-30T23:55:00,baseline_deduplicated,0.0,0.0,0.0,,0.0,0,0,0,0,0,5,0,0,0,2018-09-01T00:00:00,2018-10-01T00:00:00,4.285714285714286,48,"one-to-one temporal matching; earliest active deadline first; [onset, end)","all test alarms unmatched to a new eligible event, including duplicates and carry-in-only alarms",precision/recall/F1 are 0 when their denominator is 0; missing delay is null,evaluated,{'quantile': 0.995},1.1909723073198695,True,,,,,,,,
2018-09,2018-01-01T00:00:00,2018-08-03T23:55:00,2018-08-04T00:00:00,2018-08-31T23:55:00,2018-09-01T00:00:00,2018-09-30T23:55:00,ewma,0.0,0.0,0.0,,0.4666666666666667,0,2,0,2,0,5,0,2,0,2018-09-01T00:00:00,2018-10-01T00:00:00,4.285714285714286,48,"one-to-one temporal matching; earliest active deadline first; [onset, end)","all test alarms unmatched to a new eligible event, including duplicates and carry-in-only alarms",precision/recall/F1 are 0 when their denominator is 0; missing delay is null,evaluated,"{'alpha': 0.02, 'quantile': 0.995}",1.0268007287344516,True,,,,,,,,
2018-09,2018-01-01T00:00:00,2018-08-03T23:55:00,2018-08-04T00:00:00,2018-08-31T23:55:00,2018-09-01T00:00:00,2018-09-30T23:55:00,cusum,0.0,0.0,0.0,,0.0,0,0,0,0,0,5,0,0,0,2018-09-01T00:00:00,2018-10-01T00:00:00,4.285714285714286,48,"one-to-one temporal matching; earliest active deadline first; [onset, end)","all test alarms unmatched to a new eligible event, including duplicates and carry-in-only alarms",precision/recall/F1 are 0 when their denominator is 0; missing delay is null,evaluated,"{'reference_shift': 0.25, 'decision_limit': 5.0, 'center': 0.7762347396598249, 'scale': 0.14401107059225568}",5.0,False,,,,,,,,
2018-09,2018-01-01T00:00:00,2018-08-03T23:55:00,2018-08-04T00:00:00,2018-08-31T23:55:00,2018-09-01T00:00:00,2018-09-30T23:55:00,lightgbm_compact,0.0,0.0,0.0,,0.0,0,0,0,0,0,5,0,0,0,2018-09-01T00:00:00,2018-10-01T00:00:00,4.285714285714286,48,"one-to-one temporal matching; earliest active deadline first; [onset, end)","all test alarms unmatched to a new eligible event, including duplicates and carry-in-only alarms",precision/recall/F1 are 0 when their denominator is 0; missing delay is null,evaluated,{'probability_threshold': 0.1},0.1,False,294.0,6336.0,53274.0,21.0,,,,
2018-09,2018-01-01T00:00:00,2018-08-03T23:55:00,2018-08-04T00:00:00,2018-08-31T23:55:00,2018-09-01T00:00:00,2018-09-30T23:55:00,lightgbm_regression,0.0,0.0,0.0,,0.23333333333333334,0,1,0,1,0,5,0,1,0,2018-09-01T00:00:00,2018-10-01T00:00:00,4.285714285714286,48,"one-to-one temporal matching; earliest active deadline first; [onset, end)","all test alarms unmatched to a new eligible event, including duplicates and carry-in-only alarms",precision/recall/F1 are 0 when their denominator is 0; missing delay is null,evaluated,{'rise_quantile': 0.95},7.612583231348241,True,,,,21.0,2.535466632824827,3.2772781650091156,4.972274960924529,m3/h
2018-10,2018-01-01T00:00:00,2018-09-02T23:55:00,2018-09-03T00:00:00,2018-09-30T23:55:00,2018-10-01T00:00:00,2018-10-31T23:55:00,baseline_original,0.4,1.0,0.5714285714285715,4.458333333333334,0.6774193548387096,2,3,0,5,2,4,3,0,0,2018-10-01T00:00:00,2018-11-01T00:00:00,4.428571428571429,48,"one-to-one temporal matching; earliest active deadline first; [onset, end)","all test alarms unmatched to a new eligible event, including duplicates and carry-in-only alarms",precision/recall/F1 are 0 when their denominator is 0; missing delay is null,evaluated,{'quantile': 0.995},1.1946978155933332,False,,,,,,,,
2018-10,2018-01-01T00:00:00,2018-09-02T23:55:00,2018-09-03T00:00:00,2018-09-30T23:55:00,2018-10-01T00:00:00,2018-10-31T23:55:00,baseline_deduplicated,1.0,1.0,1.0,4.458333333333334,0.0,2,0,0,2,2,4,0,0,0,2018-10-01T00:00:00,2018-11-01T00:00:00,4.428571428571429,48,"one-to-one temporal matching; earliest active deadline first; [onset, end)","all test alarms unmatched to a new eligible event, including duplicates and carry-in-only alarms",precision/recall/F1 are 0 when their denominator is 0; missing delay is null,evaluated,{'quantile': 0.995},1.1946978155933332,False,,,,,,,,
2018-10,2018-01-01T00:00:00,2018-09-02T23:55:00,2018-09-03T00:00:00,2018-09-30T23:55:00,2018-10-01T00:00:00,2018-10-31T23:55:00,ewma,0.25,0.5,0.3333333333333333,0.25,0.6774193548387096,1,3,1,4,2,4,0,3,0,2018-10-01T00:00:00,2018-11-01T00:00:00,4.428571428571429,48,"one-to-one temporal matching; earliest active deadline first; [onset, end)","all test alarms unmatched to a new eligible event, including duplicates and carry-in-only alarms",precision/recall/F1 are 0 when their denominator is 0; missing delay is null,evaluated,"{'alpha': 0.1, 'quantile': 0.995}",1.1253855330390836,False,,,,,,,,
2018-10,2018-01-01T00:00:00,2018-09-02T23:55:00,2018-09-03T00:00:00,2018-09-30T23:55:00,2018-10-01T00:00:00,2018-10-31T23:55:00,cusum,0.0,0.0,0.0,,0.0,0,0,2,0,2,4,0,0,0,2018-10-01T00:00:00,2018-11-01T00:00:00,4.428571428571429,48,"one-to-one temporal matching; earliest active deadline first; [onset, end)","all test alarms unmatched to a new eligible event, including duplicates and carry-in-only alarms",precision/recall/F1 are 0 when their denominator is 0; missing delay is null,evaluated,"{'reference_shift': 0.25, 'decision_limit': 5.0, 'center': 0.7751003724882958, 'scale': 0.14325434042519622}",5.0,False,,,,,,,,
2018-10,2018-01-01T00:00:00,2018-09-02T23:55:00,2018-09-03T00:00:00,2018-09-30T23:55:00,2018-10-01T00:00:00,2018-10-31T23:55:00,lightgbm_compact,0.0,0.0,0.0,,0.0,0,0,2,0,2,4,0,0,0,2018-10-01T00:00:00,2018-11-01T00:00:00,4.428571428571429,48,"one-to-one temporal matching; earliest active deadline first; [onset, end)","all test alarms unmatched to a new eligible event, including duplicates and carry-in-only alarms",precision/recall/F1 are 0 when their denominator is 0; missing delay is null,evaluated,{'probability_threshold': 0.1},0.1,False,294.0,6912.0,61338.0,21.0,,,,
2018-10,2018-01-01T00:00:00,2018-09-02T23:55:00,2018-09-03T00:00:00,2018-09-30T23:55:00,2018-10-01T00:00:00,2018-10-31T23:55:00,lightgbm_regression,0.0,0.0,0.0,,0.0,0,0,2,0,2,4,0,0,0,2018-10-01T00:00:00,2018-11-01T00:00:00,4.428571428571429,48,"one-to-one temporal matching; earliest active deadline first; [onset, end)","all test alarms unmatched to a new eligible event, including duplicates and carry-in-only alarms",precision/recall/F1 are 0 when their denominator is 0; missing delay is null,evaluated,{'rise_quantile': 0.99},24.823003223872004,False,,,,21.0,5.574397823474901,6.931781027884806,24.545409212919214,m3/h
2018-11,2018-01-01T00:00:00,2018-10-03T23:55:00,2018-10-04T00:00:00,2018-10-31T23:55:00,2018-11-01T00:00:00,2018-11-30T23:55:00,baseline_original,0.0,0.0,0.0,,1.4000000000000001,0,6,0,6,0,5,0,6,0,2018-11-01T00:00:00,2018-12-01T00:00:00,4.285714285714286,48,"one-to-one temporal matching; earliest active deadline first; [onset, end)","all test alarms unmatched to a new eligible event, including duplicates and carry-in-only alarms",precision/recall/F1 are 0 when their denominator is 0; missing delay is null,evaluated,{'quantile': 0.995},1.179836473259227,True,,,,,,,,
2018-11,2018-01-01T00:00:00,2018-10-03T23:55:00,2018-10-04T00:00:00,2018-10-31T23:55:00,2018-11-01T00:00:00,2018-11-30T23:55:00,baseline_deduplicated,0.0,0.0,0.0,,0.0,0,0,0,0,0,5,0,0,0,2018-11-01T00:00:00,2018-12-01T00:00:00,4.285714285714286,48,"one-to-one temporal matching; earliest active deadline first; [onset, end)","all test alarms unmatched to a new eligible event, including duplicates and carry-in-only alarms",precision/recall/F1 are 0 when their denominator is 0; missing delay is null,evaluated,{'quantile': 0.995},1.179836473259227,True,,,,,,,,
2018-11,2018-01-01T00:00:00,2018-10-03T23:55:00,2018-10-04T00:00:00,2018-10-31T23:55:00,2018-11-01T00:00:00,2018-11-30T23:55:00,ewma,0.0,0.0,0.0,,0.0,0,0,0,0,0,5,0,0,0,2018-11-01T00:00:00,2018-12-01T00:00:00,4.285714285714286,48,"one-to-one temporal matching; earliest active deadline first; [onset, end)","all test alarms unmatched to a new eligible event, including duplicates and carry-in-only alarms",precision/recall/F1 are 0 when their denominator is 0; missing delay is null,evaluated,"{'alpha': 0.1, 'quantile': 0.995}",1.1094105698324381,True,,,,,,,,
2018-11,2018-01-01T00:00:00,2018-10-03T23:55:00,2018-10-04T00:00:00,2018-10-31T23:55:00,2018-11-01T00:00:00,2018-11-30T23:55:00,cusum,0.0,0.0,0.0,,0.0,0,0,0,0,0,5,0,0,0,2018-11-01T00:00:00,2018-12-01T00:00:00,4.285714285714286,48,"one-to-one temporal matching; earliest active deadline first; [onset, end)","all test alarms unmatched to a new eligible event, including duplicates and carry-in-only alarms",precision/recall/F1 are 0 when their denominator is 0; missing delay is null,evaluated,"{'reference_shift': 0.25, 'decision_limit': 5.0, 'center': 0.77504645925769, 'scale': 0.14162976377409175}",5.0,False,,,,,,,,
2018-11,2018-01-01T00:00:00,2018-10-03T23:55:00,2018-10-04T00:00:00,2018-10-31T23:55:00,2018-11-01T00:00:00,2018-11-30T23:55:00,lightgbm_compact,0.0,0.0,0.0,,0.0,0,0,0,0,0,5,0,0,0,2018-11-01T00:00:00,2018-12-01T00:00:00,4.285714285714286,48,"one-to-one temporal matching; earliest active deadline first; [onset, end)","all test alarms unmatched to a new eligible event, including duplicates and carry-in-only alarms",precision/recall/F1 are 0 when their denominator is 0; missing delay is null,evaluated,{'probability_threshold': 0.1},0.1,False,294.0,6912.0,70266.0,21.0,,,,
2018-11,2018-01-01T00:00:00,2018-10-03T23:55:00,2018-10-04T00:00:00,2018-10-31T23:55:00,2018-11-01T00:00:00,2018-11-30T23:55:00,lightgbm_regression,0.0,0.0,0.0,,0.0,0,0,0,0,0,5,0,0,0,2018-11-01T00:00:00,2018-12-01T00:00:00,4.285714285714286,48,"one-to-one temporal matching; earliest active deadline first; [onset, end)","all test alarms unmatched to a new eligible event, including duplicates and carry-in-only alarms",precision/recall/F1 are 0 when their denominator is 0; missing delay is null,evaluated,{'rise_quantile': 0.95},7.541772883753101,True,,,,21.0,6.399103873496102,7.170038488561653,14.109165862750096,m3/h
2018-12,2018-01-01T00:00:00,2018-11-02T23:55:00,2018-11-03T00:00:00,2018-11-30T23:55:00,2018-12-01T00:00:00,2018-12-31T23:55:00,baseline_original,0.0,0.0,0.0,,0.0,0,0,0,0,0,4,0,0,0,2018-12-01T00:00:00,2019-01-01T00:00:00,4.428571428571429,48,"one-to-one temporal matching; earliest active deadline first; [onset, end)","all test alarms unmatched to a new eligible event, including duplicates and carry-in-only alarms",precision/recall/F1 are 0 when their denominator is 0; missing delay is null,evaluated,{'quantile': 0.995},1.1882130716255126,False,,,,,,,,
2018-12,2018-01-01T00:00:00,2018-11-02T23:55:00,2018-11-03T00:00:00,2018-11-30T23:55:00,2018-12-01T00:00:00,2018-12-31T23:55:00,baseline_deduplicated,0.0,0.0,0.0,,0.0,0,0,0,0,0,4,0,0,0,2018-12-01T00:00:00,2019-01-01T00:00:00,4.428571428571429,48,"one-to-one temporal matching; earliest active deadline first; [onset, end)","all test alarms unmatched to a new eligible event, including duplicates and carry-in-only alarms",precision/recall/F1 are 0 when their denominator is 0; missing delay is null,evaluated,{'quantile': 0.995},1.1882130716255126,False,,,,,,,,
2018-12,2018-01-01T00:00:00,2018-11-02T23:55:00,2018-11-03T00:00:00,2018-11-30T23:55:00,2018-12-01T00:00:00,2018-12-31T23:55:00,ewma,0.0,0.0,0.0,,0.0,0,0,0,0,0,4,0,0,0,2018-12-01T00:00:00,2019-01-01T00:00:00,4.428571428571429,48,"one-to-one temporal matching; earliest active deadline first; [onset, end)","all test alarms unmatched to a new eligible event, including duplicates and carry-in-only alarms",precision/recall/F1 are 0 when their denominator is 0; missing delay is null,evaluated,"{'alpha': 0.02, 'quantile': 0.995}",1.0297441686694349,False,,,,,,,,
2018-12,2018-01-01T00:00:00,2018-11-02T23:55:00,2018-11-03T00:00:00,2018-11-30T23:55:00,2018-12-01T00:00:00,2018-12-31T23:55:00,cusum,0.0,0.0,0.0,,0.0,0,0,0,0,0,4,0,0,0,2018-12-01T00:00:00,2019-01-01T00:00:00,4.428571428571429,48,"one-to-one temporal matching; earliest active deadline first; [onset, end)","all test alarms unmatched to a new eligible event, including duplicates and carry-in-only alarms",precision/recall/F1 are 0 when their denominator is 0; missing delay is null,evaluated,"{'reference_shift': 0.25, 'decision_limit': 5.0, 'center': 0.7724677618643113, 'scale': 0.13868027587341716}",5.0,False,,,,,,,,
2018-12,2018-01-01T00:00:00,2018-11-02T23:55:00,2018-11-03T00:00:00,2018-11-30T23:55:00,2018-12-01T00:00:00,2018-12-31T23:55:00,lightgbm_compact,0.0,0.0,0.0,,0.0,0,0,0,0,0,4,0,0,0,2018-12-01T00:00:00,2019-01-01T00:00:00,4.428571428571429,48,"one-to-one temporal matching; earliest active deadline first; [onset, end)","all test alarms unmatched to a new eligible event, including duplicates and carry-in-only alarms",precision/recall/F1 are 0 when their denominator is 0; missing delay is null,evaluated,{'probability_threshold': 0.1},0.1,False,294.0,8064.0,77754.0,21.0,,,,
2018-12,2018-01-01T00:00:00,2018-11-02T23:55:00,2018-11-03T00:00:00,2018-11-30T23:55:00,2018-12-01T00:00:00,2018-12-31T23:55:00,lightgbm_regression,0.0,0.0,0.0,,0.0,0,0,0,0,0,4,0,0,0,2018-12-01T00:00:00,2019-01-01T00:00:00,4.428571428571429,48,"one-to-one temporal matching; earliest active deadline first; [onset, end)","all test alarms unmatched to a new eligible event, including duplicates and carry-in-only alarms",precision/recall/F1 are 0 when their denominator is 0; missing delay is null,evaluated,{'rise_quantile': 0.95},8.934973343362524,False,,,,21.0,6.255319119028028,6.650665629166124,4.419036275979522,m3/h
