timestamp,pressure_n752__observed,pressure_n752__expected,pressure_n288__observed,pressure_n288__expected,pressure_n769__observed,pressure_n769__expected,flow_p227,flow_p235,flow_PUMP_1
2018-08-06 23:55:00,48.96,48.963080441992936,52.6,52.59803609055143,48.35,48.35039087474335,91.94,98.1,44.12
2018-08-07 00:00:00,48.93,48.93451227170433,52.57,52.56604789960212,48.33,48.327705544425484,94.11,98.43,44.11
2018-08-07 00:05:00,49.02,49.014083109063364,52.65,52.648273047344254,48.39,48.38968972118636,89.27,94.82,44.13
2018-08-07 00:10:00,49.03,49.027743620635796,52.67,52.66476250329565,48.4,48.39824970991369,88.77,95.78,44.13
2018-08-07 00:15:00,49.06,49.06379364976559,52.7,52.70043845817107,48.43,48.42444170697911,86.22,93.63,44.14
2018-08-07 00:20:00,48.93,48.930564058564656,52.56,52.56720996481073,48.33,48.326249914306565,93.81,98.69,44.11
2018-08-07 00:25:00,49.06,49.059416016556426,52.7,52.69747016106019,48.43,48.42101324175582,86.35,95.74,44.14
2018-08-07 00:30:00,49.03,49.03384917900484,52.67,52.672025706031704,48.41,48.401652746017255,87.11,93.52,44.14
2018-08-07 00:35:00,49.05,49.05648109036939,52.7,52.69532135909523,48.42,48.416670773417934,86.37,94.46,44.14
2018-08-07 00:40:00,49.14,49.13524954851049,52.78,52.78184723102724,48.48,48.47795408169754,80.87,87.45,44.17
2018-08-07 00:45:00,49.11,49.106572779172986,52.75,52.74987636046414,48.46,48.45747782305905,81.89,88.24,44.16
2018-08-07 00:50:00,49.17,49.175252224490194,52.82,52.824092952827996,48.51,48.50766226432581,76.19,80.35,44.19
2018-08-07 00:55:00,49.11,49.11428484135984,52.76,52.7565687724251,48.46,48.46269851586701,81.97,88.12,44.16
2018-08-07 01:00:00,49.21,49.219437186528886,52.87,52.867080653094746,48.54,48.538507700238824,74.22,79.39,44.19
2018-08-07 01:05:00,49.23,49.22833204129339,52.88,52.880517286401954,48.55,48.54790137925892,72.04,78.25,44.21
2018-08-07 01:10:00,49.24,49.233321773251866,52.88,52.88515477646103,48.55,48.55439873590076,72.35,78.35,44.2
2018-08-07 01:15:00,49.2,49.19782558294081,52.85,52.84834330794396,48.52,48.52468355938568,75.36,80.5,44.19
2018-08-07 01:20:00,49.24,49.238931098851936,52.89,52.89274953110672,48.56,48.55293463057678,72.14,78.21,44.2
2018-08-07 01:25:00,49.27,49.262878878436446,52.92,52.9195729030438,48.57,48.57385311088958,69.96,75.57,44.21
2018-08-07 01:30:00,49.28,49.280141783463634,52.94,52.93718191327048,48.58,48.585447963015916,68.15,73.21,44.22
2018-08-07 01:35:00,49.34,49.34093481909297,53.0,53.000229617287324,48.63,48.63098880983082,62.47,66.67,44.24
2018-08-07 01:40:00,49.34,49.3405685405038,53.0,52.99984990940749,48.63,48.628878094810844,63.38,68.6,44.23
2018-08-07 01:45:00,49.36,49.35992237065201,53.02,53.02081546962034,48.64,48.645333797617965,60.74,66.53,44.24
2018-08-07 01:50:00,49.34,49.341075979189114,53.0,53.000961544720404,48.63,48.62982525715981,63.03,67.41,44.24
2018-08-07 01:55:00,49.35,49.35154295444759,53.01,53.01109547824098,48.64,48.638347387637104,61.57,66.49,44.24
2018-08-07 02:00:00,49.35,49.35145140738424,53.01,53.0129968874618,48.64,48.63802636039859,61.33,66.31,44.24
2018-08-07 02:05:00,49.33,49.33280169315608,52.99,52.98697864856776,48.63,48.62265490923576,63.92,71.56,44.22
2018-08-07 02:10:00,49.38,49.37646067027465,53.04,53.03545061677466,48.66,48.65816952789667,59.42,66.81,44.24
2018-08-07 02:15:00,49.38,49.381893076506145,53.04,53.043069163724795,48.66,48.66042101839682,59.28,67.14,44.24
2018-08-07 02:20:00,49.34,49.342314180087406,53.0,52.999758933474624,48.63,48.63170698995247,62.98,69.73,44.23
2018-08-07 02:25:00,49.43,49.424684925925185,53.09,53.09080654243691,48.69,48.6952814024536,54.18,58.46,44.27
2018-08-07 02:30:00,49.38,49.377485143211125,53.04,53.03445003899571,48.66,48.658326037831,59.79,66.96,44.24
2018-08-07 02:35:00,49.19,49.242569145661854,52.91,52.89833525693471,48.56,48.5441070949782,66.84,60.6,44.26
2018-08-07 02:40:00,49.21,49.25739393062377,52.93,52.91287678198448,48.57,48.55581981615459,65.97,60.91,44.25
2018-08-07 02:45:00,49.17,49.222391245375846,52.89,52.87274296354789,48.54,48.5295845919092,68.98,64.39,44.24
2018-08-07 02:50:00,49.21,49.25742129661243,52.93,52.9120247090704,48.57,48.55741027901659,65.69,61.24,44.26
2018-08-07 02:55:00,49.2,49.24678122423692,52.92,52.9001852264251,48.56,48.54916778446623,66.74,62.26,44.25
2018-08-07 03:00:00,49.19,49.24359395195662,52.91,52.89713629076438,48.56,48.545274152308835,66.64,62.96,44.26
2018-08-07 03:05:00,49.23,49.279029220797234,52.95,52.934772693739546,48.59,48.57200132509615,63.99,59.95,44.26
2018-08-07 03:10:00,49.27,49.31571113160508,52.99,52.97330959669683,48.61,48.60069760875809,60.6,56.99,44.28
2018-08-07 03:15:00,49.22,49.2677324153047,52.94,52.92330434236509,48.58,48.56363667365508,65.09,59.99,44.26
2018-08-07 03:20:00,49.24,49.286265647631566,52.96,52.94256821644012,48.59,48.5789945830633,63.09,58.65,44.27
2018-08-07 03:25:00,49.22,49.27523654908628,52.95,52.92879055952643,48.58,48.56830164269124,63.99,58.07,44.27
2018-08-07 03:30:00,49.22,49.272788160699015,52.94,52.92757694341131,48.58,48.56720946301042,64.49,60.38,44.27
2018-08-07 03:35:00,49.29,49.33677694282399,53.01,52.99611039909872,48.63,48.61623972511052,58.55,53.22,44.29
2018-08-07 03:40:00,49.24,49.294196855779695,52.96,52.95080399235153,48.6,48.582542654966936,62.51,57.65,44.27
2018-08-07 03:45:00,49.25,49.29761906478148,52.97,52.9535980450368,48.6,48.58688404686464,62.15,56.48,44.27
2018-08-07 03:50:00,49.25,49.2972256139733,52.97,52.95342625303235,48.6,48.58661410589342,62.47,55.85,44.28
2018-08-07 03:55:00,49.24,49.287325410842655,52.96,52.947212055978795,48.59,48.57802860050635,63.01,57.24,44.27
2018-08-07 04:00:00,49.27,49.31934397110658,52.99,52.9788460579704,48.62,48.60123403758379,60.35,55.05,44.28
2018-08-07 04:05:00,49.27,49.31778015285367,52.99,52.97586308126948,48.62,48.60151511268558,60.09,53.06,44.28
2018-08-07 04:10:00,49.23,49.28418354954869,52.95,52.93957731383822,48.59,48.574771354384644,63.85,59.72,44.27
2018-08-07 04:15:00,49.28,49.336856821054624,53.01,52.99368135577142,48.63,48.61284660033425,58.94,53.41,44.28
2018-08-07 04:20:00,49.22,49.272794587791616,52.94,52.9278493419088,48.58,48.56709655915127,64.26,61.15,44.26
2018-08-07 04:25:00,49.26,49.31325117163296,52.98,52.971180463112184,48.61,48.59750717704692,61.16,55.96,44.27
2018-08-07 04:30:00,49.23,49.28407411973247,52.95,52.94085714018904,48.59,48.57439872265561,63.65,58.21,44.26
2018-08-07 04:35:00,49.26,49.30900979857386,52.98,52.968470039587615,48.61,48.59386151233399,61.15,54.73,44.27
2018-08-07 04:40:00,49.25,49.297708291623024,52.97,52.956839928738034,48.6,48.586263372499914,61.83,54.92,44.27
2018-08-07 04:45:00,49.26,49.30815414148535,52.98,52.96586869970887,48.61,48.594562571146774,61.01,55.97,44.27
2018-08-07 04:50:00,49.23,49.27586888997562,52.95,52.932949668110055,48.58,48.57078260918007,64.1,59.71,44.25
2018-08-07 04:55:00,49.24,49.28666777555552,52.96,52.94418152933572,48.59,48.57809541295207,63.49,58.8,44.26
2018-08-07 05:00:00,49.22,49.272626898740626,52.94,52.92809654991726,48.58,48.56669295203322,64.5,59.73,44.25
2018-08-07 05:05:00,49.22,49.276101721544514,52.95,52.92915359293793,48.58,48.569557464212494,63.67,58.64,44.25
2018-08-07 05:10:00,49.23,49.28624166502224,52.96,52.93929337509194,48.59,48.576773500121604,63.04,58.05,44.25
2018-08-07 05:15:00,49.23,49.2748186489721,52.95,52.931823150386705,48.58,48.57046222999039,64.06,58.69,44.25
2018-08-07 05:20:00,49.22,49.268572330050254,52.94,52.92332389067843,48.58,48.56478364495724,64.91,60.53,44.24
2018-08-07 05:25:00,49.18,49.23174337969804,52.9,52.884604535597546,48.55,48.536298831198245,68.35,64.23,44.23
2018-08-07 05:30:00,49.19,49.23565484999976,52.9,52.89281178433438,48.56,48.540486971136836,67.69,64.01,44.23
2018-08-07 05:35:00,49.14,49.192829122403865,52.86,52.845270427202976,48.52,48.50754121235046,70.74,65.07,44.22
2018-08-07 05:40:00,49.13,49.183973513863734,52.85,52.835689358161765,48.52,48.50024614475601,71.22,65.24,44.22
2018-08-07 05:45:00,49.08,49.128582400951615,52.79,52.77772338214772,48.47,48.46246138178743,75.95,72.4,44.2
2018-08-07 05:50:00,49.08,49.135220104047846,52.8,52.782555764929484,48.48,48.463225490878365,76.4,71.65,44.19
