timestamp,pressure_n644__observed,pressure_n644__expected,pressure_n636__observed,pressure_n636__expected,pressure_n288__observed,pressure_n288__expected,flow_p227,flow_p235,flow_PUMP_1
2018-10-05 23:40:00,47.14,47.13856775857867,45.09,45.09801495063447,52.39,52.39232917925154,103.16,106.61,43.99
2018-10-05 23:45:00,47.24,47.236349181328436,45.17,45.17793032271738,52.48,52.48186926676024,100.08,102.67,44.01
2018-10-05 23:50:00,47.17,47.17096909849905,45.11,45.12118038924591,52.43,52.435937016309055,101.47,107.9,43.99
2018-10-05 23:55:00,47.05,47.04505431817443,45.0,45.00045465202291,52.31,52.32094489755642,108.21,114.75,43.95
2018-10-06 00:00:00,47.18,47.17611763616386,45.11,45.11080280315391,52.45,52.44806486884206,101.96,111.17,43.98
2018-10-06 00:05:00,47.01,47.01567093798236,44.97,44.96789123947259,52.29,52.30169186811156,109.33,118.26,43.94
2018-10-06 00:10:00,47.31,47.314770881686506,45.24,45.238612780565276,52.56,52.56141440264353,94.38,101.2,44.02
2018-10-06 00:15:00,47.29,47.29278396974457,45.23,45.23390064673096,52.52,52.52573923214037,95.49,99.0,44.02
2018-10-06 00:20:00,47.27,47.26784989075328,45.2,45.196123712057975,52.52,52.52322879713041,96.82,107.52,43.99
2018-10-06 00:25:00,47.25,47.24832652860865,45.18,45.18161925721053,52.5,52.50018569499797,97.86,105.22,43.99
2018-10-06 00:30:00,47.16,47.16172740718022,45.1,45.10674158275066,52.42,52.42399027404672,102.1,111.85,43.97
2018-10-06 00:35:00,47.23,47.23018471193668,45.16,45.16055239180624,52.49,52.49134940822637,97.96,105.13,43.98
2018-10-06 00:40:00,47.3,47.29408249841328,45.22,45.23136082105339,52.53,52.53535543720505,96.12,103.15,44.0
2018-10-06 00:45:00,47.23,47.2215048539984,45.15,45.158713777785124,52.48,52.48958087755068,98.77,107.48,43.97
2018-10-06 00:50:00,47.29,47.286868438702754,45.21,45.216867487607566,52.53,52.53819533650954,95.93,104.8,43.99
2018-10-06 00:55:00,47.33,47.32335537131604,45.25,45.25944295454942,52.56,52.56702055456826,93.8,103.4,44.0
2018-10-06 01:00:00,47.29,47.29396092076049,45.21,45.21789460582123,52.55,52.55192676841223,94.98,104.93,43.98
2018-10-06 01:05:00,47.3,47.297834694176984,45.22,45.22210514213098,52.55,52.55381540215356,94.71,105.33,43.98
2018-10-06 01:10:00,47.38,47.3786259000676,45.29,45.293960015660865,52.62,52.62361863865774,90.75,100.18,44.0
2018-10-06 01:15:00,47.3,47.303583293920845,45.23,45.232630768255085,52.54,52.537181272145645,95.48,101.82,43.98
2018-10-06 01:20:00,47.44,47.42688059798622,45.34,45.35282744862634,52.65,52.65479304957013,88.97,94.7,44.01
2018-10-06 01:25:00,47.42,47.41768414705215,45.33,45.332292925349996,52.65,52.65183948618091,88.65,96.98,44.0
2018-10-06 01:30:00,47.52,47.515898509512745,45.43,45.43470336315813,52.72,52.726712167705955,83.49,90.79,44.03
2018-10-06 01:35:00,47.37,47.36352960736558,45.28,45.28176721743881,52.61,52.61705638859055,91.13,99.56,43.98
2018-10-06 01:40:00,47.47,47.46311268742271,45.37,45.37500481550321,52.69,52.69718007090346,85.77,96.61,44.0
2018-10-06 01:45:00,47.47,47.46447983606825,45.38,45.381769844053686,52.68,52.68637450357494,86.18,93.39,44.01
2018-10-06 01:50:00,47.48,47.4800900982974,45.4,45.403179123520005,52.68,52.68820264851712,85.67,90.32,44.01
2018-10-06 01:55:00,47.65,47.64763049305929,45.55,45.55089912596009,52.84,52.839507467855384,75.38,81.09,44.05
2018-10-06 02:00:00,47.56,47.55529252373819,45.46,45.45947887252833,52.77,52.769762409856284,80.83,89.34,44.02
2018-10-06 02:05:00,47.59,47.58417182741247,45.49,45.499399079361346,52.78,52.78509084715553,79.67,87.75,44.03
2018-10-06 02:10:00,47.63,47.6279113779515,45.52,45.528988710801684,52.83,52.838480675096164,75.7,83.85,44.03
2018-10-06 02:15:00,47.61,47.604084440406474,45.5,45.51162283902119,52.81,52.807074558081034,78.0,85.97,44.03
2018-10-06 02:20:00,47.47,47.46873241858828,45.37,45.37945273797185,52.7,52.69449061243979,85.96,95.48,43.99
2018-10-06 02:25:00,47.68,47.678951030181274,45.58,45.58230741752705,52.86,52.864010629556844,73.53,80.22,44.05
2018-10-06 02:30:00,47.58,47.580334389612204,45.48,45.479265643664256,52.79,52.790189579281346,79.2,87.82,44.01
2018-10-06 02:35:00,47.16,47.384564442020825,45.31,45.25671764450208,52.6,52.55500458609596,90.08,87.89,43.98
2018-10-06 02:40:00,47.19,47.41566080308079,45.34,45.28406404849616,52.63,52.58513868394871,87.49,86.19,43.98
2018-10-06 02:45:00,47.26,47.47114288926462,45.4,45.34489332067203,52.66,52.62460054959709,84.67,78.89,44.0
2018-10-06 02:50:00,47.17,47.39073733525334,45.32,45.264932840211976,52.6,52.56303777615661,88.79,86.89,43.98
2018-10-06 02:55:00,47.22,47.44287545124894,45.37,45.313340510135355,52.65,52.60684561461041,85.54,83.6,43.99
2018-10-06 03:00:00,47.24,47.46208876938407,45.38,45.32912864809818,52.67,52.626619930059015,85.21,83.53,43.98
2018-10-06 03:05:00,47.28,47.490511523240215,45.41,45.362166305921804,52.69,52.65016930096222,83.27,80.61,43.99
2018-10-06 03:10:00,47.24,47.455568759263635,45.38,45.3287346026021,52.65,52.61176930584055,85.8,82.66,43.98
2018-10-06 03:15:00,47.21,47.4356674890501,45.36,45.30298997626763,52.65,52.60942310780653,85.64,84.65,43.97
2018-10-06 03:20:00,47.25,47.47531819762283,45.39,45.33685898325355,52.68,52.63617392566948,84.42,80.93,43.98
2018-10-06 03:25:00,47.25,47.47391679803173,45.39,45.33684715280903,52.69,52.64160233445248,83.44,82.77,43.97
2018-10-06 03:30:00,47.3,47.51192799522943,45.43,45.37583650146212,52.71,52.67232508983822,81.96,81.06,43.98
2018-10-06 03:35:00,47.33,47.534303321652615,45.45,45.403496257366044,52.73,52.690548648009866,80.85,77.32,43.99
2018-10-06 03:40:00,47.33,47.546469512751,45.46,45.406772608412204,52.74,52.69936346950222,80.29,77.99,43.98
2018-10-06 03:45:00,47.28,47.50412212610135,45.42,45.36204621782339,52.71,52.66828480471169,82.22,81.91,43.96
2018-10-06 03:50:00,47.32,47.53266096463617,45.45,45.397877834187895,52.73,52.68797122025904,80.67,78.87,43.97
2018-10-06 03:55:00,47.31,47.52834246625674,45.44,45.38943392978926,52.73,52.69173552071168,80.47,78.62,43.97
2018-10-06 04:00:00,47.3,47.5197839053717,45.43,45.37681557520404,52.73,52.68308309887107,81.27,78.93,43.96
2018-10-06 04:05:00,47.38,47.585371379470566,45.5,45.44880453257371,52.77,52.73098271133564,77.9,73.59,43.98
2018-10-06 04:10:00,47.38,47.584018069772355,45.5,45.44562643139409,52.77,52.73418807551454,77.42,76.39,43.97
2018-10-06 04:15:00,47.29,47.51209977416777,45.43,45.37233534271621,52.71,52.670042786662684,81.84,79.92,43.95
2018-10-06 04:20:00,47.36,47.56806947459088,45.48,45.42826243216886,52.76,52.721206707031534,78.68,76.26,43.96
2018-10-06 04:25:00,47.36,47.56810591801749,45.48,45.43268489420716,52.76,52.72100584627415,78.42,76.4,43.96
2018-10-06 04:30:00,47.76,47.93193970645264,45.86,45.808038364558705,53.02,52.98471643612914,57.11,54.1,0.0
2018-10-06 04:35:00,47.78,47.94660838356113,45.88,45.826208800540044,53.03,52.994749241134784,55.59,51.47,0.0
2018-10-06 04:40:00,47.75,47.919177398200176,45.85,45.79886525691475,53.01,52.977666555758276,57.29,54.9,0.0
2018-10-06 04:45:00,47.77,47.93439987082183,45.87,45.813391242506704,53.02,52.98973421920902,56.69,52.91,0.0
2018-10-06 04:50:00,47.76,47.92735188355481,45.86,45.807689179324065,53.01,52.97516341170284,57.31,54.96,0.0
2018-10-06 04:55:00,47.78,47.94861158204308,45.88,45.82881958045234,53.02,52.99371370982222,56.1,53.13,0.0
2018-10-06 05:00:00,47.8,47.97007094576515,45.9,45.84356429599519,53.05,53.01600323179104,53.46,50.12,0.0
2018-10-06 05:05:00,47.75,47.92037388590624,45.85,45.7983704714915,53.01,52.97428047999499,57.94,56.41,0.0
2018-10-06 05:10:00,47.79,47.96419143185862,45.9,45.83816440209571,53.04,53.005257827210485,54.92,49.92,0.0
2018-10-06 05:15:00,47.76,47.92234093624343,45.86,45.805740286575535,53.0,52.97565175562504,57.72,52.52,0.0
2018-10-06 05:20:00,47.74,47.91144437488369,45.85,45.79322987194798,52.99,52.96252745092338,58.67,55.51,0.0
2018-10-06 05:25:00,47.75,47.91593700976719,45.85,45.79895117329693,53.0,52.96469594562387,58.57,55.88,0.0
2018-10-06 05:30:00,47.76,47.92425312161316,45.86,45.8077007720063,53.0,52.97402695612118,57.33,54.72,0.0
2018-10-06 05:35:00,47.79,47.960745051413745,45.89,45.837457360373726,53.04,53.00511051105593,54.8,52.95,0.0
