timestamp,pressure_n415__observed,pressure_n415__expected,pressure_n429__observed,pressure_n429__expected,pressure_n163__observed,pressure_n163__expected,flow_p227,flow_p235,flow_PUMP_1
2018-05-04 12:50:00,45.33,45.32293099827085,36.61,36.61434388130673,52.2,52.19793552715516,103.8,107.54,0.0
2018-05-04 12:55:00,45.46,45.46161157139228,36.77,36.76884537951288,52.34,52.344209393213276,97.05,102.73,0.0
2018-05-04 13:00:00,45.39,45.39442387637469,36.7,36.703031476058804,52.28,52.282638289359554,100.57,104.96,0.0
2018-05-04 13:05:00,45.61,45.61391315865634,36.94,36.93859312367352,52.51,52.50785419764774,88.74,94.28,0.0
2018-05-04 13:10:00,45.52,45.52066470243548,36.84,36.838284367245215,52.41,52.405968875052,95.07,98.15,0.0
2018-05-04 13:15:00,45.53,45.53148997868636,36.83,36.8333070102769,52.43,52.425652982557985,93.73,94.93,0.0
2018-05-04 13:20:00,45.61,45.604848701041035,36.92,36.92576048118046,52.49,52.49537774366784,88.11,93.11,0.0
2018-05-04 13:25:00,45.59,45.57950352267164,36.89,36.8922633907722,52.46,52.46307686300258,92.23,95.66,0.0
2018-05-04 13:30:00,45.56,45.556496597177855,36.87,36.87706389161118,52.45,52.45152147040154,92.74,97.44,0.0
2018-05-04 13:35:00,45.46,45.459468954398425,36.76,36.762309389333815,52.34,52.34042173773145,97.75,101.85,0.0
2018-05-04 13:40:00,45.51,45.505166208210625,36.82,36.81692171743146,52.4,52.39717029094544,95.55,98.87,0.0
2018-05-04 13:45:00,45.2,45.210295975284026,36.5,36.4999083015922,52.08,52.08488305450042,108.42,114.31,0.0
2018-05-04 13:50:00,45.39,45.38851748179615,36.7,36.700682107140544,52.26,52.26723161584,100.87,106.45,0.0
2018-05-04 13:55:00,45.49,45.480201387923,36.79,36.79797539115251,52.37,52.36629715324578,97.27,101.27,0.0
2018-05-04 14:00:00,45.5,45.50060335970328,36.81,36.81912928163257,52.39,52.38265026742243,96.59,101.01,0.0
2018-05-04 14:05:00,45.52,45.52842964430498,36.84,36.83600377953463,52.42,52.417053999865246,96.32,96.08,0.0
2018-05-04 14:10:00,45.59,45.59356839973815,36.92,36.92066809969051,52.48,52.477885851863185,89.41,95.12,0.0
2018-05-04 14:15:00,45.58,45.583687085208815,36.92,36.91284228073526,52.48,52.485080189397834,89.75,96.15,0.0
2018-05-04 14:20:00,45.37,45.35539570527665,36.64,36.64814040952128,52.23,52.22953098127459,104.54,106.25,0.0
2018-05-04 14:25:00,45.54,45.5320221932587,36.84,36.840888681295375,52.41,52.40762325429388,96.68,97.51,0.0
2018-05-04 14:30:00,45.51,45.51675551496648,36.83,36.82498607665297,52.41,52.40699657071111,93.45,97.24,0.0
2018-05-04 14:35:00,45.56,45.557319879134376,36.87,36.8686372121767,52.46,52.45558033178131,93.34,94.8,0.0
2018-05-04 14:40:00,45.54,45.53909714703432,36.84,36.844911391504255,52.43,52.42535993864583,95.58,96.1,0.0
2018-05-04 14:45:00,45.57,45.56832925322064,36.89,36.88629196049987,52.45,52.454560350761035,92.29,94.87,0.0
2018-05-04 14:50:00,45.52,45.51882863293579,36.83,36.83490668675452,52.4,52.40163668151573,94.44,98.93,0.0
2018-05-04 14:55:00,45.46,45.45997167611234,36.77,36.76864188107082,52.34,52.33814676377406,97.01,103.05,0.0
2018-05-04 15:00:00,45.48,45.47522561316051,36.78,36.780500882919,52.35,52.35064942241305,97.03,99.86,0.0
2018-05-04 15:05:00,45.47,45.48033850580364,36.79,36.7950533766486,52.37,52.368889676668246,95.42,101.28,0.0
2018-05-04 15:10:00,45.46,45.46347208512949,36.78,36.775303841041634,52.34,52.34276079110686,95.88,101.06,0.0
2018-05-04 15:15:00,45.04,45.027879350081136,36.15,36.16069579664759,51.96,51.968122342387815,105.95,112.6,44.14
2018-05-04 15:20:00,45.01,45.00459007733478,36.1,36.10687577565311,51.95,51.95126236459727,109.04,113.03,44.13
2018-05-04 15:25:00,44.95,44.923819669574016,36.03,36.03972721169087,51.86,51.8564850366412,111.17,119.68,44.11
2018-05-04 15:30:00,44.86,44.851613874982334,35.96,35.96965364709649,51.8,51.800034972809726,112.93,122.95,44.09
2018-05-04 15:35:00,44.79,44.789571606238255,35.88,35.88802195709443,51.74,51.744662122012194,115.83,121.8,44.07
2018-05-04 15:40:00,44.91,44.90331954059154,35.98,35.99185011988622,51.85,51.85034681545706,115.54,116.78,44.1
2018-05-04 15:45:00,44.98,44.9671774295489,36.06,36.064506458900105,51.91,51.920068691887344,111.6,112.36,44.11
2018-05-04 15:50:00,44.73,44.7266029313969,35.82,35.82340029396247,51.67,51.67235442945544,118.21,126.86,44.06
2018-05-04 15:55:00,44.82,44.82474752024819,35.91,35.92197961613452,51.77,51.764004278267954,115.78,122.54,44.08
2018-05-04 16:00:00,44.84,44.831299677233076,35.93,35.934770968215034,51.78,51.77618266144239,113.95,120.07,44.08
2018-05-04 16:05:00,44.97,44.97332336512203,36.08,36.088625030833,51.91,51.907431529844125,109.84,114.91,44.11
2018-05-04 16:10:00,44.59,44.579700680887136,35.65,35.65903291899378,51.53,51.523648130486926,126.6,130.64,44.01
2018-05-04 16:15:00,44.99,44.9964756590854,36.11,36.11641985506576,51.94,51.94078134392289,108.72,114.35,44.11
2018-05-04 16:20:00,44.95,44.95813622832012,36.07,36.07709458620053,51.92,51.90822450983705,109.74,116.77,44.1
2018-05-04 16:25:00,44.63,44.623894266233364,35.71,35.71313529531184,51.57,51.57133684270813,121.93,131.67,44.02
2018-05-04 16:30:00,44.77,44.752292092933075,35.85,35.852854995726595,51.69,51.693067346982765,119.49,125.37,44.05
2018-05-04 16:35:00,44.88,44.87113224358353,35.96,35.968123164789596,51.82,51.81931514006665,111.26,120.44,44.07
2018-05-04 16:40:00,44.78,44.764393312240344,35.83,35.842265230208326,51.69,51.69319073343063,118.19,122.78,44.04
2018-05-04 16:45:00,44.89,44.89599628328946,36.0,36.00611208906957,51.86,51.850689084792876,109.74,119.78,44.08
2018-05-04 16:50:00,44.82,44.79334259094194,35.88,35.88566618560943,51.74,51.73729281990541,116.78,123.49,44.05
2018-05-04 16:55:00,44.83,44.813573054382864,35.91,35.92266697801413,51.76,51.757108977440936,113.46,123.32,44.05
2018-05-04 17:00:00,44.79,44.78399698792604,35.87,35.87891771480108,51.73,51.732926541429116,116.09,123.22,44.04
2018-05-04 17:05:00,44.79,44.78289481577818,35.86,35.86599521939928,51.73,51.726823360776535,118.82,122.35,44.04
2018-05-04 17:10:00,44.95,44.951470928664975,36.05,36.0582007989917,51.9,51.89533048492499,111.59,116.95,44.08
2018-05-04 17:15:00,44.74,44.73917428613161,35.82,35.83225561315576,51.7,51.69396871977239,116.21,126.25,44.03
2018-05-04 17:20:00,44.9,44.87156862088565,35.96,35.98041101760628,51.81,51.81267697870914,112.75,120.76,44.06
2018-05-04 17:25:00,44.83,44.814159548478905,35.91,35.91784495840565,51.75,51.75512652361191,113.13,122.16,44.04
2018-05-04 17:30:00,45.03,45.029902051059956,36.13,36.1442708042292,51.98,51.97928279600693,107.14,113.69,44.09
2018-05-04 17:35:00,44.73,44.72056878162829,35.81,35.81988688214442,51.67,51.66906798350064,117.27,126.16,44.02
2018-05-04 17:40:00,44.8,44.796633316026856,35.89,35.8980016871276,51.75,51.74125703144636,116.61,123.01,44.03
2018-05-04 17:45:00,44.97,44.98340389329415,36.11,36.115860598498145,51.93,51.931533296765835,107.34,115.65,44.08
2018-05-04 17:50:00,44.9,44.884597808270286,35.99,35.99868334136207,51.83,51.8287356816905,112.58,120.79,44.05
2018-05-04 17:55:00,44.64,44.63295479832355,35.7,35.70563295416788,51.57,51.57072784598181,124.59,129.59,43.98
2018-05-04 18:00:00,44.74,44.73591455250876,35.82,35.8240286297617,51.68,51.676806915562445,120.34,125.62,44.01
2018-05-04 18:05:00,44.84,44.83558885248953,35.9,35.90661919110938,51.78,51.77954090542707,118.94,119.73,44.03
2018-05-04 18:10:00,45.03,45.025699890991255,36.14,36.14753307436621,51.97,51.97483671854326,105.67,115.23,44.08
2018-05-04 18:15:00,44.71,44.711345437544615,35.79,35.79519055208696,51.65,51.648018143504736,120.79,125.32,44.0
2018-05-04 18:20:00,44.66,44.649672613662396,35.74,35.74722977460642,51.6,51.59280879231739,121.86,131.57,43.98
2018-05-04 18:25:00,44.71,44.6942044163356,35.76,35.76504906882208,51.62,51.624768687089365,121.11,127.66,43.99
2018-05-04 18:30:00,44.68,44.697677059067686,35.78,35.778650671204964,51.66,51.65257889306302,119.33,125.36,43.99
2018-05-04 18:35:00,45.03,44.999343471248444,36.07,36.08768037599696,51.94,51.93746469692549,109.67,112.1,44.06
2018-05-04 18:40:00,44.86,44.85514940559017,35.94,35.949353179809926,51.81,51.80099398739267,114.95,120.37,44.02
2018-05-04 18:45:00,44.64,44.638694381781036,35.71,35.71369891636825,51.57,51.57448085968614,122.41,128.77,43.97
